2019-01-20 00:00:02.017252,-2.31,-1.38,-9999.0,-9999.0,-9999.0,-1.5,986.05,228.92,1013.25,260,263,0.02
2019-01-20 00:01:01.805218,-2.31,-1.5,-9999.0,-9999.0,-9999.0,-1.61,986.06,228.57,1013.25,260,264,0.02
2019-01-20 00:02:01.977536,-2.19,-1.5,-9999.0,-9999.0,-9999.0,-1.47,986.09,228.61,1013.25,261,262,0.02
2019-01-20 00:03:01.811725,-2.12,-1.56,-9999.0,-9999.0,-9999.0,-1.51,986.14,228.21,1013.25,261,260,0.02
2019-01-20 00:04:01.624816,-2.19,-1.62,-9999.0,-9999.0,-9999.0,-1.5,986.06,228.89,1013.25,260,259,0.02
2019-01-20 00:05:01.433333,-2.19,-1.62,-9999.0,-9999.0,-9999.0,-1.35,986.09,228.61,1013.25,262,258,0.03
2019-01-20 00:06:02.223929,-2.25,-1.62,-9999.0,-9999.0,-9999.0,-1.35,986.11,228.44,1013.25,262,254,0.03
2019-01-20 00:07:02.011086,-2.25,-1.56,-9999.0,-9999.0,-9999.0,-1.37,986.19,227.74,1013.25,262,256,0.03
2019-01-20 00:08:01.801710,-2.25,-1.69,-9999.0,-9999.0,-9999.0,-1.49,986.19,227.77,1013.25,262,254,0.03
2019-01-20 00:09:01.603283,-2.25,-1.69,-9999.0,-9999.0,-9999.0,-1.42,986.28,226.98,1013.25,261,255,0.02
2019-01-20 00:10:02.451002,-2.31,-1.62,-9999.0,-9999.0,-9999.0,-1.6,986.3,227.02,1013.25,260,256,0.02
2019-01-20 00:11:02.004385,-2.31,-1.75,-9999.0,-9999.0,-9999.0,-1.46,986.28,226.99,1013.25,260,254,0.02
2019-01-20 00:12:01.795114,-2.44,-1.69,-9999.0,-9999.0,-9999.0,-1.48,986.17,227.96,1013.25,262,255,0.03
2019-01-20 00:13:01.579924,-2.5,-1.69,-9999.0,-9999.0,-9999.0,-1.55,986.22,227.49,1013.25,261,255,0.02
2019-01-20 00:14:02.380787,-2.31,-1.75,-9999.0,-9999.0,-9999.0,-1.62,986.26,227.2,1013.25,261,255,0.02
2019-01-20 00:15:02.170472,-2.31,-1.81,-9999.0,-9999.0,-9999.0,-1.66,986.28,226.99,1013.25,260,254,0.02
2019-01-20 00:16:01.970081,-2.38,-1.81,-9999.0,-9999.0,-9999.0,-1.66,986.28,226.98,1013.25,262,255,0.03
2019-01-20 00:17:01.776833,-2.31,-1.88,-9999.0,-9999.0,-9999.0,-1.67,986.4,226.14,1013.25,260,254,0.02
2019-01-20 00:18:01.646011,-2.38,-1.81,-9999.0,-9999.0,-9999.0,-1.61,986.39,226.06,1013.25,260,254,0.02
2019-01-20 00:19:01.439056,-2.31,-1.88,-9999.0,-9999.0,-9999.0,-1.61,986.45,225.56,1013.25,260,254,0.02
2019-01-20 00:20:02.270904,-2.38,-1.88,-9999.0,-9999.0,-9999.0,-1.62,986.47,225.39,1013.25,261,253,0.02
2019-01-20 00:21:01.932737,-2.44,-1.88,-9999.0,-9999.0,-9999.0,-1.61,986.5,225.1,1013.25,261,255,0.02
2019-01-20 00:22:01.727603,-2.31,-1.81,-9999.0,-9999.0,-9999.0,-1.5,986.48,225.29,1013.25,260,253,0.02
2019-01-20 00:23:01.523835,-2.31,-1.81,-9999.0,-9999.0,-9999.0,-1.56,986.45,225.52,1013.25,261,255,0.02
2019-01-20 00:24:02.315825,-2.44,-1.81,-9999.0,-9999.0,-9999.0,-1.53,986.59,224.37,1013.25,262,255,0.03
2019-01-20 00:25:02.111988,-2.38,-1.88,-9999.0,-9999.0,-9999.0,-1.61,986.64,223.93,1013.25,260,253,0.02
2019-01-20 00:26:01.911790,-2.38,-1.81,-9999.0,-9999.0,-9999.0,-1.56,986.59,224.36,1013.25,260,254,0.02
2019-01-20 00:27:01.699716,-2.38,-1.81,-9999.0,-9999.0,-9999.0,-1.49,986.64,223.91,1013.25,260,253,0.02
2019-01-20 00:28:01.494611,-2.38,-1.81,-9999.0,-9999.0,-9999.0,-1.49,986.65,223.86,1013.25,262,255,0.03
2019-01-20 00:29:02.301768,-2.38,-1.88,-9999.0,-9999.0,-9999.0,-1.61,986.7,223.44,1013.25,261,254,0.02
2019-01-20 00:30:02.123454,-2.44,-1.88,-9999.0,-9999.0,-9999.0,-1.62,986.68,223.64,1013.25,261,253,0.02
2019-01-20 00:31:01.771551,-2.5,-1.81,-9999.0,-9999.0,-9999.0,-1.52,986.71,223.32,1013.25,260,255,0.02
2019-01-20 00:32:01.571446,-2.56,-1.88,-9999.0,-9999.0,-9999.0,-1.52,986.69,223.47,1013.25,261,254,0.02
2019-01-20 00:33:02.367012,-2.62,-1.88,-9999.0,-9999.0,-9999.0,-1.49,986.74,223.06,1013.25,259,253,0.01
2019-01-20 00:34:02.171950,-2.56,-1.88,-9999.0,-9999.0,-9999.0,-1.57,986.67,223.69,1013.25,261,252,0.02
2019-01-20 00:35:01.964750,-2.56,-1.94,-9999.0,-9999.0,-9999.0,-1.56,986.68,223.64,1013.25,261,253,0.02
2019-01-20 00:36:01.755990,-2.56,-1.88,-9999.0,-9999.0,-9999.0,-1.5,986.63,224.05,1013.25,261,254,0.02
2019-01-20 00:37:01.556686,-2.56,-1.88,-9999.0,-9999.0,-9999.0,-1.56,986.66,223.74,1013.25,261,254,0.02
2019-01-20 00:38:02.350169,-2.69,-1.94,-9999.0,-9999.0,-9999.0,-1.51,986.73,223.21,1013.25,261,252,0.02
2019-01-20 00:39:02.138628,-2.56,-2.0,-9999.0,-9999.0,-9999.0,-1.62,986.65,223.82,1013.25,262,253,0.03
2019-01-20 00:40:01.964933,-2.56,-2.0,-9999.0,-9999.0,-9999.0,-1.88,986.65,223.23,1013.25,261,254,0.02
2019-01-20 00:41:01.831697,-2.56,-2.0,-9999.0,-9999.0,-9999.0,-1.74,986.68,223.59,1013.25,261,254,0.02
2019-01-20 00:42:01.623290,-2.56,-2.06,-9999.0,-9999.0,-9999.0,-1.76,986.66,223.75,1013.25,260,253,0.02
2019-01-20 00:43:02.429883,-2.56,-2.0,-9999.0,-9999.0,-9999.0,-1.71,986.73,223.16,1013.25,260,255,0.02
2019-01-20 00:44:02.228970,-2.56,-2.06,-9999.0,-9999.0,-9999.0,-1.71,986.79,222.66,1013.25,261,254,0.02
2019-01-20 00:45:02.012586,-2.69,-2.0,-9999.0,-9999.0,-9999.0,-1.81,986.88,221.93,1013.25,261,254,0.02
2019-01-20 00:46:01.813961,-2.69,-2.06,-9999.0,-9999.0,-9999.0,-1.85,986.86,222.07,1013.25,260,254,0.02
2019-01-20 00:47:01.607202,-2.56,-2.12,-9999.0,-9999.0,-9999.0,-1.89,986.84,222.23,1013.25,261,254,0.02
2019-01-20 00:48:02.408268,-2.62,-2.06,-9999.0,-9999.0,-9999.0,-1.77,986.88,221.87,1013.25,261,254,0.02
2019-01-20 00:49:02.192177,-2.62,-2.06,-9999.0,-9999.0,-9999.0,-1.81,986.89,221.81,1013.25,261,254,0.02
2019-01-20 00:50:02.036549,-2.62,-2.06,-9999.0,-9999.0,-9999.0,-2.07,986.91,221.34,1013.25,260,255,0.02
2019-01-20 00:51:01.591704,-2.62,-2.06,-9999.0,-9999.0,-9999.0,-1.92,986.91,221.68,1013.25,262,253,0.03
2019-01-20 00:52:02.378856,-2.62,-2.19,-9999.0,-9999.0,-9999.0,-1.92,986.91,221.66,1013.25,261,255,0.02
2019-01-20 00:53:02.179096,-2.5,-2.12,-9999.0,-9999.0,-9999.0,-1.97,986.92,221.55,1013.25,261,254,0.02
2019-01-20 00:54:01.964856,-2.5,-2.06,-9999.0,-9999.0,-9999.0,-1.86,986.95,221.31,1013.25,262,254,0.03
2019-01-20 00:55:01.758759,-2.44,-2.12,-9999.0,-9999.0,-9999.0,-1.77,987.02,220.74,1013.25,261,254,0.02
2019-01-20 00:56:01.561646,-2.5,-2.0,-9999.0,-9999.0,-9999.0,-1.79,986.98,221.03,1013.25,261,255,0.02
2019-01-20 00:57:02.359251,-2.5,-2.0,-9999.0,-9999.0,-9999.0,-1.75,986.99,220.96,1013.25,262,254,0.03
2019-01-20 00:58:02.144750,-2.5,-1.94,-9999.0,-9999.0,-9999.0,-1.69,987.02,220.69,1013.25,260,255,0.02
2019-01-20 00:59:01.931859,-2.56,-2.0,-9999.0,-9999.0,-9999.0,-1.71,987.0,220.84,1013.25,261,255,0.02
2019-01-20 01:00:01.764286,-2.56,-2.0,-9999.0,-9999.0,-9999.0,-1.77,987.07,220.26,1013.25,260,254,0.02
2019-01-20 01:01:01.513821,-2.56,-2.0,-9999.0,-9999.0,-9999.0,-1.76,987.05,220.43,1013.25,261,253,0.02
2019-01-20 01:02:02.310006,-2.56,-2.0,-9999.0,-9999.0,-9999.0,-1.76,987.05,220.44,1013.25,260,253,0.02
2019-01-20 01:03:02.105625,-2.56,-2.0,-9999.0,-9999.0,-9999.0,-1.78,987.08,220.24,1013.25,260,254,0.02
2019-01-20 01:04:01.905910,-2.5,-2.0,-9999.0,-9999.0,-9999.0,-1.67,987.04,220.5,1013.25,261,255,0.02
2019-01-20 01:05:01.695828,-2.62,-2.06,-9999.0,-9999.0,-9999.0,-1.8,987.17,219.45,1013.25,261,254,0.02
2019-01-20 01:06:01.505665,-2.62,-2.0,-9999.0,-9999.0,-9999.0,-1.81,987.16,219.52,1013.25,261,254,0.02
2019-01-20 01:07:02.290986,-2.69,-2.06,-9999.0,-9999.0,-9999.0,-1.75,987.21,219.11,1013.25,261,254,0.02
2019-01-20 01:08:02.079703,-2.75,-2.0,-9999.0,-9999.0,-9999.0,-1.75,987.21,219.1,1013.25,260,254,0.02
2019-01-20 01:09:01.807367,-2.75,-2.0,-9999.0,-9999.0,-9999.0,-1.8,987.3,218.36,1013.25,261,254,0.02
2019-01-20 01:10:01.640508,-2.62,-2.06,-9999.0,-9999.0,-9999.0,-2.04,987.32,217.89,1013.25,261,254,0.02
2019-01-20 01:11:02.276064,-2.5,-2.12,-9999.0,-9999.0,-9999.0,-1.89,987.39,217.57,1013.25,261,253,0.02
2019-01-20 01:12:02.060041,-2.5,-2.12,-9999.0,-9999.0,-9999.0,-1.9,987.4,217.49,1013.25,262,255,0.03
2019-01-20 01:13:01.852031,-2.62,-2.06,-9999.0,-9999.0,-9999.0,-1.83,987.38,217.68,1013.25,260,253,0.02
2019-01-20 01:14:01.643269,-2.56,-2.12,-9999.0,-9999.0,-9999.0,-1.87,987.32,218.14,1013.25,261,254,0.02
2019-01-20 01:15:01.435239,-2.56,-2.06,-9999.0,-9999.0,-9999.0,-1.78,987.3,218.31,1013.25,261,254,0.02
2019-01-20 01:16:02.221449,-2.5,-2.06,-9999.0,-9999.0,-9999.0,-1.68,987.3,218.32,1013.25,260,253,0.02
2019-01-20 01:17:02.021472,-2.62,-2.06,-9999.0,-9999.0,-9999.0,-1.75,987.36,217.85,1013.25,260,254,0.02
2019-01-20 01:18:01.806136,-2.56,-2.06,-9999.0,-9999.0,-9999.0,-1.85,987.36,217.82,1013.25,261,254,0.02
2019-01-20 01:19:01.613900,-2.62,-2.12,-9999.0,-9999.0,-9999.0,-1.9,987.4,217.49,1013.25,262,255,0.03
2019-01-20 01:20:02.460288,-2.69,-2.06,-9999.0,-9999.0,-9999.0,-1.91,987.42,217.3,1013.25,260,255,0.02
2019-01-20 01:21:02.188035,-2.62,-2.12,-9999.0,-9999.0,-9999.0,-1.89,987.39,217.52,1013.25,260,253,0.02
2019-01-20 01:22:01.984144,-2.69,-2.12,-9999.0,-9999.0,-9999.0,-1.91,987.46,217.0,1013.25,260,253,0.02
2019-01-20 01:23:01.788399,-2.75,-2.06,-9999.0,-9999.0,-9999.0,-1.98,987.52,216.43,1013.25,261,253,0.02
2019-01-20 01:24:01.580048,-2.62,-2.12,-9999.0,-9999.0,-9999.0,-2.03,987.55,216.24,1013.25,260,255,0.02
2019-01-20 01:25:02.371303,-2.69,-2.12,-9999.0,-9999.0,-9999.0,-2.03,987.58,215.98,1013.25,260,254,0.02
2019-01-20 01:26:02.165461,-2.88,-2.19,-9999.0,-9999.0,-9999.0,-2.03,987.54,216.27,1013.25,260,255,0.02
2019-01-20 01:27:01.959052,-2.69,-2.19,-9999.0,-9999.0,-9999.0,-2.1,987.61,215.66,1013.25,260,253,0.02
2019-01-20 01:28:01.755696,-2.81,-2.19,-9999.0,-9999.0,-9999.0,-2.11,987.6,215.48,1013.25,260,254,0.02
2019-01-20 01:29:01.629806,-2.81,-2.25,-9999.0,-9999.0,-9999.0,-2.12,987.68,215.11,1013.25,261,254,0.02
2019-01-20 01:30:01.468967,-2.75,-2.25,-9999.0,-9999.0,-9999.0,-2.23,987.66,215.24,1013.25,259,253,0.01
2019-01-20 01:31:02.120776,-2.75,-2.31,-9999.0,-9999.0,-9999.0,-2.2,987.7,214.93,1013.25,261,254,0.02
2019-01-20 01:32:01.924798,-2.69,-2.31,-9999.0,-9999.0,-9999.0,-2.15,987.71,214.85,1013.25,260,255,0.02
2019-01-20 01:33:01.715556,-2.69,-2.25,-9999.0,-9999.0,-9999.0,-2.16,987.73,214.65,1013.25,260,254,0.02
2019-01-20 01:34:01.508137,-2.69,-2.31,-9999.0,-9999.0,-9999.0,-2.2,987.75,214.51,1013.25,260,254,0.02
2019-01-20 01:35:02.294648,-2.75,-2.31,-9999.0,-9999.0,-9999.0,-2.13,987.77,214.35,1013.25,261,253,0.02
2019-01-20 01:36:02.100827,-2.69,-2.31,-9999.0,-9999.0,-9999.0,-2.17,987.83,213.82,1013.25,262,253,0.03
2019-01-20 01:37:01.890300,-2.81,-2.31,-9999.0,-9999.0,-9999.0,-2.16,987.81,213.95,1013.25,261,253,0.02
2019-01-20 01:38:01.681035,-2.69,-2.38,-9999.0,-9999.0,-9999.0,-2.18,987.83,213.79,1013.25,260,254,0.02
2019-01-20 01:39:01.472370,-2.88,-2.31,-9999.0,-9999.0,-9999.0,-2.18,987.84,213.73,1013.25,260,254,0.02
2019-01-20 01:40:02.303553,-2.81,-2.31,-9999.0,-9999.0,-9999.0,-2.21,987.85,213.85,1013.25,260,255,0.02
2019-01-20 01:41:02.046712,-2.94,-2.38,-9999.0,-9999.0,-9999.0,-2.23,987.73,214.69,1013.25,261,254,0.02
2019-01-20 01:42:01.846893,-2.88,-2.38,-9999.0,-9999.0,-9999.0,-2.27,987.74,214.61,1013.25,263,254,0.03
2019-01-20 01:43:01.646635,-2.88,-2.44,-9999.0,-9999.0,-9999.0,-2.3,987.73,214.65,1013.25,261,254,0.02
2019-01-20 01:44:01.451302,-3.0,-2.44,-9999.0,-9999.0,-9999.0,-2.31,987.77,214.37,1013.25,260,254,0.02
2019-01-20 01:45:02.241839,-2.94,-2.38,-9999.0,-9999.0,-9999.0,-2.38,987.75,214.53,1013.25,260,254,0.02
2019-01-20 01:46:02.048598,-2.94,-2.44,-9999.0,-9999.0,-9999.0,-2.48,987.66,215.25,1013.25,259,254,0.01
2019-01-20 01:47:01.844653,-2.94,-2.44,-9999.0,-9999.0,-9999.0,-2.49,987.7,214.9,1013.25,259,254,0.01
2019-01-20 01:48:01.649049,-3.0,-2.44,-9999.0,-9999.0,-9999.0,-2.53,987.69,215.03,1013.25,261,253,0.02
2019-01-20 01:49:01.426954,-2.94,-2.56,-9999.0,-9999.0,-9999.0,-2.58,987.65,215.37,1013.25,260,253,0.02
2019-01-20 01:50:02.251055,-3.12,-2.56,-9999.0,-9999.0,-9999.0,-2.86,987.66,215.17,1013.25,260,254,0.02
2019-01-20 01:51:02.038936,-2.94,-2.69,-9999.0,-9999.0,-9999.0,-2.72,987.67,215.18,1013.25,262,253,0.03
2019-01-20 01:52:01.828973,-2.94,-2.62,-9999.0,-9999.0,-9999.0,-2.69,987.69,214.98,1013.25,260,254,0.02
2019-01-20 01:53:01.619873,-3.0,-2.62,-9999.0,-9999.0,-9999.0,-2.72,987.66,215.28,1013.25,261,253,0.02
2019-01-20 01:54:02.402521,-3.06,-2.56,-9999.0,-9999.0,-9999.0,-2.74,987.69,214.99,1013.25,262,254,0.03
2019-01-20 01:55:02.203648,-3.06,-2.62,-9999.0,-9999.0,-9999.0,-2.74,987.68,215.12,1013.25,261,255,0.02
2019-01-20 01:56:01.991668,-3.06,-2.69,-9999.0,-9999.0,-9999.0,-2.72,987.64,215.44,1013.25,262,253,0.03
2019-01-20 01:57:01.782585,-3.0,-2.75,-9999.0,-9999.0,-9999.0,-2.77,987.55,216.24,1013.25,262,253,0.03
2019-01-20 01:58:01.580219,-3.06,-2.69,-9999.0,-9999.0,-9999.0,-2.77,987.56,216.13,1013.25,260,254,0.02
2019-01-20 01:59:02.376960,-2.94,-2.75,-9999.0,-9999.0,-9999.0,-2.82,987.53,216.41,1013.25,260,254,0.02
2019-01-20 02:00:02.208837,-2.94,-2.81,-9999.0,-9999.0,-9999.0,-2.99,987.56,215.93,1013.25,261,254,0.02
2019-01-20 02:01:01.834944,-2.94,-2.75,-9999.0,-9999.0,-9999.0,-2.84,987.6,215.76,1013.25,262,253,0.03
2019-01-20 02:02:01.626437,-2.88,-2.81,-9999.0,-9999.0,-9999.0,-2.84,987.54,216.25,1013.25,261,254,0.02
2019-01-20 02:03:01.411937,-3.0,-2.81,-9999.0,-9999.0,-9999.0,-2.82,987.59,215.86,1013.25,261,253,0.02
2019-01-20 02:04:02.201988,-3.0,-2.81,-9999.0,-9999.0,-9999.0,-2.82,987.56,216.09,1013.25,261,254,0.02
2019-01-20 02:05:01.981083,-2.94,-2.81,-9999.0,-9999.0,-9999.0,-2.83,987.6,215.8,1013.25,260,253,0.02
2019-01-20 02:06:01.763510,-3.0,-2.75,-9999.0,-9999.0,-9999.0,-2.83,987.58,215.95,1013.25,261,254,0.02
2019-01-20 02:07:01.561175,-3.12,-2.75,-9999.0,-9999.0,-9999.0,-2.83,987.51,216.54,1013.25,259,255,0.01
2019-01-20 02:08:02.346341,-3.12,-2.75,-9999.0,-9999.0,-9999.0,-2.86,987.47,216.91,1013.25,261,254,0.02
2019-01-20 02:09:02.131991,-3.19,-2.81,-9999.0,-9999.0,-9999.0,-2.87,987.39,217.56,1013.25,260,253,0.02
2019-01-20 02:10:01.963859,-3.19,-2.81,-9999.0,-9999.0,-9999.0,-3.04,987.42,216.95,1013.25,260,255,0.02
2019-01-20 02:11:01.597900,-3.19,-2.81,-9999.0,-9999.0,-9999.0,-2.89,987.42,217.3,1013.25,259,255,0.01
2019-01-20 02:12:02.400363,-3.06,-2.88,-9999.0,-9999.0,-9999.0,-2.95,987.4,217.47,1013.25,260,254,0.02
2019-01-20 02:13:02.203103,-3.25,-2.88,-9999.0,-9999.0,-9999.0,-2.94,987.36,217.77,1013.25,262,253,0.03
2019-01-20 02:14:02.006448,-3.31,-2.94,-9999.0,-9999.0,-9999.0,-3.02,987.34,218.02,1013.25,261,254,0.02
2019-01-20 02:15:01.793891,-3.38,-2.94,-9999.0,-9999.0,-9999.0,-3.07,987.31,218.21,1013.25,260,252,0.02
2019-01-20 02:16:01.581665,-3.5,-2.94,-9999.0,-9999.0,-9999.0,-3.08,987.26,218.64,1013.25,261,254,0.02
2019-01-20 02:17:02.382401,-3.44,-3.06,-9999.0,-9999.0,-9999.0,-3.19,987.24,218.87,1013.25,262,254,0.03
2019-01-20 02:18:02.173110,-3.5,-3.06,-9999.0,-9999.0,-9999.0,-3.24,987.17,219.45,1013.25,261,254,0.02
2019-01-20 02:19:01.969134,-3.62,-3.12,-9999.0,-9999.0,-9999.0,-3.31,987.19,219.24,1013.25,262,253,0.03
2019-01-20 02:20:01.810928,-3.62,-3.19,-9999.0,-9999.0,-9999.0,-3.4,987.19,219.23,1013.25,261,253,0.02
2019-01-20 02:21:01.732809,-3.62,-3.25,-9999.0,-9999.0,-9999.0,-3.46,987.22,218.99,1013.25,262,255,0.03
2019-01-20 02:22:01.533745,-3.81,-3.31,-9999.0,-9999.0,-9999.0,-3.52,987.26,218.69,1013.25,262,253,0.03
2019-01-20 02:23:02.351777,-3.81,-3.31,-9999.0,-9999.0,-9999.0,-3.57,987.3,218.35,1013.25,260,253,0.02
2019-01-20 02:24:02.141293,-3.88,-3.38,-9999.0,-9999.0,-9999.0,-3.63,987.25,218.73,1013.25,261,253,0.02
2019-01-20 02:25:01.939024,-3.75,-3.5,-9999.0,-9999.0,-9999.0,-3.69,987.31,218.27,1013.25,261,255,0.02
2019-01-20 02:26:01.728357,-3.75,-3.44,-9999.0,-9999.0,-9999.0,-3.72,987.31,218.23,1013.25,260,254,0.02
2019-01-20 02:27:01.525767,-3.69,-3.44,-9999.0,-9999.0,-9999.0,-3.75,987.36,217.86,1013.25,261,254,0.02
2019-01-20 02:28:02.328250,-3.56,-3.5,-9999.0,-9999.0,-9999.0,-3.72,987.39,217.57,1013.25,262,254,0.03
2019-01-20 02:29:02.119551,-3.38,-3.44,-9999.0,-9999.0,-9999.0,-3.68,987.38,217.66,1013.25,260,255,0.02
2019-01-20 02:30:01.955362,-3.56,-3.5,-9999.0,-9999.0,-9999.0,-3.82,987.37,217.8,1013.25,261,253,0.02
2019-01-20 02:31:01.597457,-3.56,-3.38,-9999.0,-9999.0,-9999.0,-3.69,987.26,218.67,1013.25,261,254,0.02
2019-01-20 02:32:02.395203,-3.5,-3.5,-9999.0,-9999.0,-9999.0,-3.62,987.25,218.76,1013.25,260,253,0.02
2019-01-20 02:33:02.180594,-3.56,-3.5,-9999.0,-9999.0,-9999.0,-3.67,987.26,218.69,1013.25,259,255,0.01
2019-01-20 02:34:01.966431,-3.44,-3.5,-9999.0,-9999.0,-9999.0,-3.69,987.33,218.06,1013.25,261,254,0.02
2019-01-20 02:35:01.757096,-3.69,-3.5,-9999.0,-9999.0,-9999.0,-3.67,987.36,217.79,1013.25,261,253,0.02
2019-01-20 02:36:01.559253,-3.81,-3.5,-9999.0,-9999.0,-9999.0,-3.72,987.34,217.99,1013.25,261,253,0.02
2019-01-20 02:37:02.354359,-3.81,-3.44,-9999.0,-9999.0,-9999.0,-3.73,987.36,217.83,1013.25,261,254,0.02
2019-01-20 02:38:02.150855,-3.62,-3.56,-9999.0,-9999.0,-9999.0,-3.65,987.34,218.01,1013.25,261,254,0.02
2019-01-20 02:39:01.952405,-3.69,-3.56,-9999.0,-9999.0,-9999.0,-3.7,987.35,217.87,1013.25,260,253,0.02
2019-01-20 02:40:01.804876,-3.5,-3.62,-9999.0,-9999.0,-9999.0,-3.86,987.38,217.51,1013.25,261,254,0.02
2019-01-20 02:41:02.433566,-3.44,-3.56,-9999.0,-9999.0,-9999.0,-3.71,987.4,217.44,1013.25,261,254,0.02
2019-01-20 02:42:02.241846,-3.62,-3.56,-9999.0,-9999.0,-9999.0,-3.69,987.4,217.5,1013.25,261,253,0.02
2019-01-20 02:43:02.049901,-3.69,-3.56,-9999.0,-9999.0,-9999.0,-3.71,987.36,217.85,1013.25,259,254,0.01
2019-01-20 02:44:01.847532,-3.62,-3.56,-9999.0,-9999.0,-9999.0,-3.7,987.37,217.76,1013.25,262,254,0.03
2019-01-20 02:45:01.653785,-3.5,-3.56,-9999.0,-9999.0,-9999.0,-3.68,987.35,217.94,1013.25,261,254,0.02
2019-01-20 02:46:01.450912,-3.44,-3.62,-9999.0,-9999.0,-9999.0,-3.69,987.37,217.75,1013.25,260,254,0.02
2019-01-20 02:47:02.234876,-3.56,-3.56,-9999.0,-9999.0,-9999.0,-3.68,987.35,217.88,1013.25,261,253,0.02
2019-01-20 02:48:02.023430,-3.56,-3.62,-9999.0,-9999.0,-9999.0,-3.7,987.36,217.79,1013.25,260,254,0.02
2019-01-20 02:49:01.828705,-3.44,-3.62,-9999.0,-9999.0,-9999.0,-3.69,987.38,217.65,1013.25,261,254,0.02
2019-01-20 02:50:01.653419,-3.5,-3.62,-9999.0,-9999.0,-9999.0,-3.8,987.39,217.18,1013.25,261,253,0.02
2019-01-20 02:51:02.315068,-3.56,-3.56,-9999.0,-9999.0,-9999.0,-3.65,987.39,217.57,1013.25,261,254,0.02
2019-01-20 02:52:02.121561,-3.69,-3.62,-9999.0,-9999.0,-9999.0,-3.66,987.35,217.93,1013.25,263,254,0.03
2019-01-20 02:53:01.906474,-3.75,-3.69,-9999.0,-9999.0,-9999.0,-3.69,987.26,218.65,1013.25,261,253,0.02
2019-01-20 02:54:01.705958,-3.62,-3.69,-9999.0,-9999.0,-9999.0,-3.72,987.24,218.87,1013.25,260,254,0.02
2019-01-20 02:55:01.492667,-3.69,-3.75,-9999.0,-9999.0,-9999.0,-3.72,987.16,219.49,1013.25,260,254,0.02
2019-01-20 02:56:02.281718,-3.75,-3.75,-9999.0,-9999.0,-9999.0,-3.77,987.16,219.53,1013.25,262,253,0.03
2019-01-20 02:57:02.072050,-3.69,-3.75,-9999.0,-9999.0,-9999.0,-3.83,987.17,219.43,1013.25,260,254,0.02
2019-01-20 02:58:01.879030,-3.75,-3.69,-9999.0,-9999.0,-9999.0,-3.84,987.14,219.66,1013.25,260,254,0.02
2019-01-20 02:59:01.674836,-3.81,-3.75,-9999.0,-9999.0,-9999.0,-3.81,987.08,220.22,1013.25,262,254,0.03
2019-01-20 03:00:01.503689,-3.88,-3.81,-9999.0,-9999.0,-9999.0,-3.82,987.07,220.25,1013.25,263,254,0.03
2019-01-20 03:01:02.149385,-3.88,-3.81,-9999.0,-9999.0,-9999.0,-3.87,987.05,220.49,1013.25,261,253,0.02
2019-01-20 03:02:01.962325,-4.0,-3.88,-9999.0,-9999.0,-9999.0,-3.93,987.08,220.21,1013.25,261,254,0.02
2019-01-20 03:03:01.765223,-4.12,-3.81,-9999.0,-9999.0,-9999.0,-3.98,987.1,219.99,1013.25,260,254,0.02
2019-01-20 03:04:01.565926,-4.19,-3.88,-9999.0,-9999.0,-9999.0,-4.02,987.16,219.53,1013.25,260,253,0.02
2019-01-20 03:05:02.364399,-4.25,-3.88,-9999.0,-9999.0,-9999.0,-4.23,987.2,219.1,1013.25,261,254,0.02
2019-01-20 03:06:02.229974,-4.25,-3.88,-9999.0,-9999.0,-9999.0,-4.09,987.31,218.28,1013.25,261,253,0.02
2019-01-20 03:07:02.024727,-4.25,-3.88,-9999.0,-9999.0,-9999.0,-4.07,987.37,217.76,1013.25,260,254,0.02
2019-01-20 03:08:01.829977,-4.25,-3.88,-9999.0,-9999.0,-9999.0,-4.1,987.44,217.1,1013.25,260,254,0.02
2019-01-20 03:09:01.619464,-4.12,-3.88,-9999.0,-9999.0,-9999.0,-4.15,987.45,217.08,1013.25,261,254,0.02
2019-01-20 03:10:02.456718,-4.06,-3.88,-9999.0,-9999.0,-9999.0,-4.29,987.48,216.66,1013.25,260,253,0.02
2019-01-20 03:11:02.109031,-3.88,-3.88,-9999.0,-9999.0,-9999.0,-4.14,987.47,216.85,1013.25,261,254,0.02
2019-01-20 03:12:01.902309,-4.0,-3.88,-9999.0,-9999.0,-9999.0,-4.1,987.44,217.14,1013.25,262,254,0.03
2019-01-20 03:13:01.696820,-4.12,-3.88,-9999.0,-9999.0,-9999.0,-4.09,987.43,217.2,1013.25,261,254,0.02
2019-01-20 03:14:01.494963,-4.06,-3.88,-9999.0,-9999.0,-9999.0,-4.08,987.47,216.86,1013.25,260,254,0.02
2019-01-20 03:15:02.280116,-4.19,-3.88,-9999.0,-9999.0,-9999.0,-4.07,987.48,216.77,1013.25,260,254,0.02
2019-01-20 03:16:02.065877,-4.12,-3.94,-9999.0,-9999.0,-9999.0,-4.11,987.45,217.01,1013.25,261,254,0.02
2019-01-20 03:17:01.880610,-4.12,-3.94,-9999.0,-9999.0,-9999.0,-4.1,987.47,216.88,1013.25,260,252,0.02
2019-01-20 03:18:01.670258,-4.19,-4.0,-9999.0,-9999.0,-9999.0,-4.15,987.47,216.85,1013.25,260,252,0.02
2019-01-20 03:19:01.467151,-4.25,-4.0,-9999.0,-9999.0,-9999.0,-4.19,987.4,217.49,1013.25,261,253,0.02
2019-01-20 03:20:02.289500,-4.25,-4.06,-9999.0,-9999.0,-9999.0,-4.39,987.39,217.36,1013.25,260,254,0.02
2019-01-20 03:21:01.976621,-4.12,-4.12,-9999.0,-9999.0,-9999.0,-4.25,987.36,217.79,1013.25,260,254,0.02
2019-01-20 03:22:01.752766,-4.06,-4.12,-9999.0,-9999.0,-9999.0,-4.23,987.34,217.95,1013.25,260,254,0.02
2019-01-20 03:23:01.546806,-4.25,-4.06,-9999.0,-9999.0,-9999.0,-4.25,987.39,217.59,1013.25,261,255,0.02
2019-01-20 03:24:02.344123,-4.19,-4.06,-9999.0,-9999.0,-9999.0,-4.25,987.37,217.75,1013.25,260,254,0.02
2019-01-20 03:25:02.128034,-4.06,-4.06,-9999.0,-9999.0,-9999.0,-4.25,987.38,217.68,1013.25,261,254,0.02
2019-01-20 03:26:01.922037,-4.0,-4.06,-9999.0,-9999.0,-9999.0,-4.19,987.35,217.89,1013.25,262,254,0.03
2019-01-20 03:27:01.717884,-4.12,-4.0,-9999.0,-9999.0,-9999.0,-4.19,987.4,217.44,1013.25,261,253,0.02
2019-01-20 03:28:01.506468,-4.25,-4.06,-9999.0,-9999.0,-9999.0,-4.18,987.44,217.16,1013.25,262,254,0.03
2019-01-20 03:29:02.297575,-4.31,-4.0,-9999.0,-9999.0,-9999.0,-4.21,987.43,217.2,1013.25,261,253,0.02
2019-01-20 03:30:02.144226,-4.38,-4.06,-9999.0,-9999.0,-9999.0,-4.39,987.49,217.03,1013.25,262,254,0.03
2019-01-20 03:31:01.857558,-4.25,-4.06,-9999.0,-9999.0,-9999.0,-4.25,987.47,216.84,1013.25,262,254,0.03
2019-01-20 03:32:01.665885,-4.19,-4.0,-9999.0,-9999.0,-9999.0,-4.26,987.49,216.75,1013.25,262,253,0.03
2019-01-20 03:33:01.469744,-4.12,-4.06,-9999.0,-9999.0,-9999.0,-4.22,987.49,216.75,1013.25,260,254,0.02
2019-01-20 03:34:02.267378,-4.25,-4.0,-9999.0,-9999.0,-9999.0,-4.24,987.53,216.34,1013.25,261,253,0.02
2019-01-20 03:35:02.067464,-4.25,-4.0,-9999.0,-9999.0,-9999.0,-4.24,987.6,215.75,1013.25,262,253,0.03
2019-01-20 03:36:01.860930,-4.12,-3.94,-9999.0,-9999.0,-9999.0,-4.21,987.69,215.04,1013.25,259,254,0.01
2019-01-20 03:37:01.656371,-4.06,-4.0,-9999.0,-9999.0,-9999.0,-4.18,987.77,214.29,1013.25,261,253,0.02
2019-01-20 03:38:01.455754,-4.06,-4.0,-9999.0,-9999.0,-9999.0,-4.15,987.77,214.31,1013.25,261,253,0.02
2019-01-20 03:39:02.251375,-4.12,-3.94,-9999.0,-9999.0,-9999.0,-4.12,987.84,213.74,1013.25,261,252,0.02
2019-01-20 03:40:02.079647,-4.06,-4.0,-9999.0,-9999.0,-9999.0,-4.23,987.85,213.68,1013.25,262,253,0.03
2019-01-20 03:41:02.048349,-4.12,-4.0,-9999.0,-9999.0,-9999.0,-4.09,987.89,213.33,1013.25,261,253,0.02
2019-01-20 03:42:01.835697,-4.0,-3.94,-9999.0,-9999.0,-9999.0,-4.22,987.86,213.26,1013.25,263,254,0.03
2019-01-20 03:43:01.723304,-4.06,-3.88,-9999.0,-9999.0,-9999.0,-4.08,987.85,213.62,1013.25,261,253,0.02
2019-01-20 03:44:01.520002,-4.06,-3.94,-9999.0,-9999.0,-9999.0,-4.05,987.97,212.67,1013.25,261,253,0.02
2019-01-20 03:45:02.309227,-3.94,-4.0,-9999.0,-9999.0,-9999.0,-4.05,987.99,212.47,1013.25,260,252,0.02
2019-01-20 03:46:02.112333,-4.0,-3.94,-9999.0,-9999.0,-9999.0,-4.03,988.03,212.15,1013.25,261,253,0.02
2019-01-20 03:47:01.907168,-4.12,-3.94,-9999.0,-9999.0,-9999.0,-4.01,988.04,212.08,1013.25,260,254,0.02
2019-01-20 03:48:01.694222,-4.12,-3.94,-9999.0,-9999.0,-9999.0,-4.02,988.02,212.22,1013.25,262,253,0.03
2019-01-20 03:49:01.486436,-4.0,-3.94,-9999.0,-9999.0,-9999.0,-4.02,988.09,211.58,1013.25,261,254,0.02
2019-01-20 03:50:02.319189,-4.19,-3.94,-9999.0,-9999.0,-9999.0,-4.08,988.08,211.76,1013.25,259,255,0.01
2019-01-20 03:51:02.146563,-4.12,-4.0,-9999.0,-9999.0,-9999.0,-4.07,988.13,211.24,1013.25,260,253,0.02
2019-01-20 03:52:01.963164,-4.06,-3.94,-9999.0,-9999.0,-9999.0,-4.09,988.13,211.27,1013.25,261,253,0.02
2019-01-20 03:53:01.760029,-4.19,-3.94,-9999.0,-9999.0,-9999.0,-4.09,988.2,210.66,1013.25,260,253,0.02
2019-01-20 03:54:01.550579,-4.12,-3.88,-9999.0,-9999.0,-9999.0,-4.04,988.24,210.35,1013.25,260,254,0.02
2019-01-20 03:55:02.346163,-4.12,-3.94,-9999.0,-9999.0,-9999.0,-4.05,988.32,209.69,1013.25,262,253,0.03
2019-01-20 03:56:02.143915,-4.12,-3.94,-9999.0,-9999.0,-9999.0,-4.06,988.28,209.98,1013.25,261,253,0.02
2019-01-20 03:57:01.943873,-4.25,-3.94,-9999.0,-9999.0,-9999.0,-4.08,988.27,210.09,1013.25,259,255,0.01
2019-01-20 03:58:01.741601,-4.25,-3.94,-9999.0,-9999.0,-9999.0,-4.07,988.33,209.56,1013.25,261,252,0.02
2019-01-20 03:59:01.484189,-4.31,-3.88,-9999.0,-9999.0,-9999.0,-4.25,988.32,209.22,1013.25,262,254,0.03
2019-01-20 04:00:02.360734,-4.31,-3.94,-9999.0,-9999.0,-9999.0,-4.1,988.37,209.02,1013.25,261,254,0.02
2019-01-20 04:01:02.179541,-4.19,-3.94,-9999.0,-9999.0,-9999.0,-4.11,988.4,208.95,1013.25,259,254,0.01
2019-01-20 04:02:01.985068,-4.19,-3.94,-9999.0,-9999.0,-9999.0,-4.1,988.43,208.76,1013.25,260,253,0.02
2019-01-20 04:03:01.787902,-4.12,-4.0,-9999.0,-9999.0,-9999.0,-4.06,988.43,208.71,1013.25,260,253,0.02
2019-01-20 04:04:01.590008,-4.06,-4.0,-9999.0,-9999.0,-9999.0,-4.08,988.48,208.16,1013.25,263,253,0.03
2019-01-20 04:05:01.451267,-4.12,-4.0,-9999.0,-9999.0,-9999.0,-4.08,988.48,208.34,1013.25,261,254,0.02
2019-01-20 04:06:02.259564,-4.19,-3.94,-9999.0,-9999.0,-9999.0,-4.07,988.46,208.47,1013.25,261,254,0.02
2019-01-20 04:07:02.051321,-4.12,-4.0,-9999.0,-9999.0,-9999.0,-4.07,988.51,208.02,1013.25,261,255,0.02
2019-01-20 04:08:01.840798,-4.12,-4.0,-9999.0,-9999.0,-9999.0,-4.08,988.55,207.72,1013.25,260,254,0.02
2019-01-20 04:09:01.635769,-4.06,-3.94,-9999.0,-9999.0,-9999.0,-4.07,988.49,208.18,1013.25,261,254,0.02
2019-01-20 04:10:01.464282,-4.06,-4.0,-9999.0,-9999.0,-9999.0,-4.05,988.52,207.72,1013.25,261,254,0.02
2019-01-20 04:11:02.320183,-3.94,-3.94,-9999.0,-9999.0,-9999.0,-4.04,988.55,207.71,1013.25,262,255,0.03
2019-01-20 04:12:02.115582,-4.06,-4.0,-9999.0,-9999.0,-9999.0,-3.96,988.6,207.29,1013.25,261,253,0.02
2019-01-20 04:13:01.926394,-4.12,-3.88,-9999.0,-9999.0,-9999.0,-3.97,988.63,207.06,1013.25,261,255,0.02
2019-01-20 04:14:01.716507,-4.19,-3.81,-9999.0,-9999.0,-9999.0,-3.96,988.62,207.1,1013.25,260,254,0.02
2019-01-20 04:15:01.518232,-4.12,-3.81,-9999.0,-9999.0,-9999.0,-3.95,988.57,207.55,1013.25,261,254,0.02
2019-01-20 04:16:02.305917,-4.31,-3.81,-9999.0,-9999.0,-9999.0,-3.92,988.46,208.44,1013.25,262,252,0.03
2019-01-20 04:17:02.101176,-4.25,-3.88,-9999.0,-9999.0,-9999.0,-3.97,988.4,208.94,1013.25,262,253,0.03
2019-01-20 04:18:01.903046,-4.25,-3.88,-9999.0,-9999.0,-9999.0,-3.97,988.52,207.93,1013.25,262,253,0.03
2019-01-20 04:19:01.689498,-4.19,-3.94,-9999.0,-9999.0,-9999.0,-4.01,988.62,207.15,1013.25,261,255,0.02
2019-01-20 04:20:01.526097,-4.38,-3.88,-9999.0,-9999.0,-9999.0,-4.21,988.66,206.9,1013.25,260,253,0.02
2019-01-20 04:21:02.272271,-4.38,-3.94,-9999.0,-9999.0,-9999.0,-4.07,988.63,207.04,1013.25,261,254,0.02
2019-01-20 04:22:02.063940,-4.19,-4.0,-9999.0,-9999.0,-9999.0,-4.08,988.6,207.26,1013.25,261,253,0.02
2019-01-20 04:23:01.861073,-4.19,-4.0,-9999.0,-9999.0,-9999.0,-4.07,988.64,206.92,1013.25,261,253,0.02
2019-01-20 04:24:01.651018,-4.31,-4.0,-9999.0,-9999.0,-9999.0,-4.08,988.64,206.94,1013.25,260,253,0.02
2019-01-20 04:25:01.439326,-4.31,-4.06,-9999.0,-9999.0,-9999.0,-4.13,988.69,206.55,1013.25,262,253,0.03
2019-01-20 04:26:02.231046,-4.38,-4.06,-9999.0,-9999.0,-9999.0,-4.14,988.69,206.49,1013.25,262,254,0.03
2019-01-20 04:27:02.022131,-4.25,-4.06,-9999.0,-9999.0,-9999.0,-4.15,988.74,206.11,1013.25,261,254,0.02
2019-01-20 04:28:01.821617,-4.12,-4.06,-9999.0,-9999.0,-9999.0,-4.11,988.68,206.6,1013.25,262,253,0.03
2019-01-20 04:29:01.614265,-4.19,-4.06,-9999.0,-9999.0,-9999.0,-4.09,988.73,206.15,1013.25,262,255,0.03
2019-01-20 04:30:01.453199,-4.12,-4.06,-9999.0,-9999.0,-9999.0,-4.2,988.72,206.23,1013.25,261,252,0.02
2019-01-20 04:31:01.577235,-4.19,-4.12,-9999.0,-9999.0,-9999.0,-4.07,988.71,206.32,1013.25,261,254,0.02
2019-01-20 04:32:02.380456,-4.12,-4.12,-9999.0,-9999.0,-9999.0,-4.07,988.63,206.99,1013.25,261,255,0.02
2019-01-20 04:33:02.175750,-4.25,-4.06,-9999.0,-9999.0,-9999.0,-4.11,988.66,206.76,1013.25,261,254,0.02
2019-01-20 04:34:01.985702,-4.25,-4.12,-9999.0,-9999.0,-9999.0,-4.13,988.63,207.0,1013.25,260,254,0.02
2019-01-20 04:35:01.783750,-4.19,-4.12,-9999.0,-9999.0,-9999.0,-4.12,988.64,206.95,1013.25,261,253,0.02
2019-01-20 04:36:01.580764,-4.12,-4.12,-9999.0,-9999.0,-9999.0,-4.15,988.63,206.99,1013.25,261,253,0.02
2019-01-20 04:37:02.361572,-4.19,-4.12,-9999.0,-9999.0,-9999.0,-4.11,988.65,206.84,1013.25,261,253,0.02
2019-01-20 04:38:02.153121,-4.25,-4.12,-9999.0,-9999.0,-9999.0,-4.09,988.67,206.65,1013.25,260,253,0.02
2019-01-20 04:39:01.942514,-4.31,-4.12,-9999.0,-9999.0,-9999.0,-4.16,988.7,206.43,1013.25,259,254,0.01
2019-01-20 04:40:01.770786,-4.38,-4.19,-9999.0,-9999.0,-9999.0,-4.2,988.7,206.42,1013.25,261,252,0.02
2019-01-20 04:41:01.836537,-4.25,-4.19,-9999.0,-9999.0,-9999.0,-4.2,988.71,206.36,1013.25,261,255,0.02
2019-01-20 04:42:01.638410,-4.31,-4.25,-9999.0,-9999.0,-9999.0,-4.21,988.73,206.17,1013.25,262,254,0.03
2019-01-20 04:43:01.425300,-4.38,-4.25,-9999.0,-9999.0,-9999.0,-4.23,988.66,206.81,1013.25,261,254,0.02
2019-01-20 04:44:02.216567,-4.38,-4.25,-9999.0,-9999.0,-9999.0,-4.24,988.64,206.91,1013.25,261,254,0.02
2019-01-20 04:45:02.014395,-4.38,-4.31,-9999.0,-9999.0,-9999.0,-4.27,988.64,206.92,1013.25,260,253,0.02
2019-01-20 04:46:01.811762,-4.38,-4.31,-9999.0,-9999.0,-9999.0,-4.28,988.61,207.16,1013.25,262,254,0.03
2019-01-20 04:47:01.601897,-4.44,-4.31,-9999.0,-9999.0,-9999.0,-4.27,988.69,206.55,1013.25,261,254,0.02
2019-01-20 04:48:02.406535,-4.5,-4.25,-9999.0,-9999.0,-9999.0,-4.29,988.71,206.31,1013.25,261,254,0.02
2019-01-20 04:49:02.192890,-4.44,-4.31,-9999.0,-9999.0,-9999.0,-4.35,988.69,206.54,1013.25,260,253,0.02
2019-01-20 04:50:02.020430,-4.5,-4.31,-9999.0,-9999.0,-9999.0,-4.52,988.65,206.77,1013.25,261,253,0.02
2019-01-20 04:51:01.858008,-4.31,-4.38,-9999.0,-9999.0,-9999.0,-4.37,988.59,207.34,1013.25,262,253,0.03
2019-01-20 04:52:01.666418,-4.38,-4.38,-9999.0,-9999.0,-9999.0,-4.35,988.59,207.41,1013.25,260,254,0.02
2019-01-20 04:53:01.465987,-4.44,-4.38,-9999.0,-9999.0,-9999.0,-4.37,988.59,207.39,1013.25,260,255,0.02
2019-01-20 04:54:02.264319,-4.44,-4.38,-9999.0,-9999.0,-9999.0,-4.39,988.64,206.9,1013.25,260,253,0.02
2019-01-20 04:55:02.057950,-4.5,-4.44,-9999.0,-9999.0,-9999.0,-4.39,988.68,206.57,1013.25,262,254,0.03
2019-01-20 04:56:01.852633,-4.44,-4.44,-9999.0,-9999.0,-9999.0,-4.44,988.68,206.63,1013.25,261,252,0.02
2019-01-20 04:57:01.653042,-4.38,-4.44,-9999.0,-9999.0,-9999.0,-4.44,988.72,206.27,1013.25,259,253,0.01
2019-01-20 04:58:01.459450,-4.44,-4.44,-9999.0,-9999.0,-9999.0,-4.39,988.63,207.05,1013.25,261,253,0.02
2019-01-20 04:59:02.252031,-4.44,-4.44,-9999.0,-9999.0,-9999.0,-4.42,988.58,207.47,1013.25,262,252,0.03
2019-01-20 05:00:02.082962,-4.38,-4.5,-9999.0,-9999.0,-9999.0,-4.45,988.53,207.62,1013.25,261,254,0.02
2019-01-20 05:01:01.926976,-4.38,-4.44,-9999.0,-9999.0,-9999.0,-4.43,988.51,208.07,1013.25,261,253,0.02
2019-01-20 05:02:01.739406,-4.44,-4.44,-9999.0,-9999.0,-9999.0,-4.44,988.61,207.19,1013.25,260,253,0.02
2019-01-20 05:03:01.535032,-4.56,-4.5,-9999.0,-9999.0,-9999.0,-4.48,988.6,207.24,1013.25,260,253,0.02
2019-01-20 05:04:02.335242,-4.69,-4.44,-9999.0,-9999.0,-9999.0,-4.54,988.55,207.73,1013.25,263,254,0.03
2019-01-20 05:05:02.119190,-4.75,-4.56,-9999.0,-9999.0,-9999.0,-4.58,988.51,208.06,1013.25,261,252,0.02
2019-01-20 05:06:01.918769,-4.75,-4.56,-9999.0,-9999.0,-9999.0,-4.61,988.48,208.27,1013.25,260,255,0.02
2019-01-20 05:07:01.707977,-4.75,-4.62,-9999.0,-9999.0,-9999.0,-4.63,988.45,208.56,1013.25,261,254,0.02
2019-01-20 05:08:01.509210,-4.75,-4.62,-9999.0,-9999.0,-9999.0,-4.68,988.49,208.21,1013.25,260,255,0.02
2019-01-20 05:09:02.305892,-4.69,-4.56,-9999.0,-9999.0,-9999.0,-4.73,988.55,207.66,1013.25,261,254,0.02
2019-01-20 05:10:02.132847,-4.56,-4.62,-9999.0,-9999.0,-9999.0,-4.73,988.6,207.25,1013.25,262,252,0.03
2019-01-20 05:11:01.881909,-4.62,-4.62,-9999.0,-9999.0,-9999.0,-4.69,988.66,206.8,1013.25,261,254,0.02
2019-01-20 05:12:01.682962,-4.69,-4.62,-9999.0,-9999.0,-9999.0,-4.72,988.65,206.81,1013.25,261,252,0.02
2019-01-20 05:13:01.491713,-4.69,-4.62,-9999.0,-9999.0,-9999.0,-4.72,988.68,206.56,1013.25,261,253,0.02
2019-01-20 05:14:02.294591,-4.75,-4.62,-9999.0,-9999.0,-9999.0,-4.75,988.74,206.12,1013.25,261,254,0.02
2019-01-20 05:15:02.081025,-4.81,-4.62,-9999.0,-9999.0,-9999.0,-4.77,988.71,206.22,1013.25,261,253,0.02
2019-01-20 05:16:01.959182,-4.88,-4.69,-9999.0,-9999.0,-9999.0,-4.8,988.65,206.85,1013.25,261,254,0.02
2019-01-20 05:17:01.766188,-4.81,-4.69,-9999.0,-9999.0,-9999.0,-4.84,988.68,206.57,1013.25,261,255,0.02
2019-01-20 05:18:01.556635,-4.81,-4.75,-9999.0,-9999.0,-9999.0,-4.88,988.63,207.05,1013.25,260,255,0.02
2019-01-20 05:19:02.356899,-4.81,-4.75,-9999.0,-9999.0,-9999.0,-4.9,988.7,206.42,1013.25,261,253,0.02
2019-01-20 05:20:02.186096,-4.75,-4.81,-9999.0,-9999.0,-9999.0,-5.02,988.7,206.46,1013.25,262,254,0.03
2019-01-20 05:21:02.237562,-4.75,-4.81,-9999.0,-9999.0,-9999.0,-4.87,988.68,206.62,1013.25,262,255,0.03
2019-01-20 05:22:02.050487,-4.69,-4.81,-9999.0,-9999.0,-9999.0,-4.9,988.64,206.69,1013.25,261,254,0.02
2019-01-20 05:23:01.920834,-4.75,-4.88,-9999.0,-9999.0,-9999.0,-4.88,988.66,206.79,1013.25,262,254,0.03
2019-01-20 05:24:01.721349,-4.81,-4.81,-9999.0,-9999.0,-9999.0,-4.92,988.68,206.64,1013.25,261,254,0.02
2019-01-20 05:25:01.520767,-4.81,-4.88,-9999.0,-9999.0,-9999.0,-4.94,988.68,206.63,1013.25,260,253,0.02
2019-01-20 05:26:02.332104,-4.88,-4.88,-9999.0,-9999.0,-9999.0,-4.93,988.64,206.96,1013.25,262,253,0.03
2019-01-20 05:27:02.136629,-4.88,-4.81,-9999.0,-9999.0,-9999.0,-4.95,988.66,206.77,1013.25,261,254,0.02
2019-01-20 05:28:01.922962,-4.94,-4.81,-9999.0,-9999.0,-9999.0,-4.96,988.68,206.63,1013.25,261,254,0.02
2019-01-20 05:29:01.719882,-4.94,-4.88,-9999.0,-9999.0,-9999.0,-4.97,988.7,206.43,1013.25,260,253,0.02
2019-01-20 05:30:01.547050,-5.0,-4.88,-9999.0,-9999.0,-9999.0,-5.18,988.72,206.34,1013.25,261,254,0.02
2019-01-20 05:31:02.294978,-5.0,-4.81,-9999.0,-9999.0,-9999.0,-5.03,988.7,206.42,1013.25,263,254,0.03
2019-01-20 05:32:02.100520,-5.06,-4.88,-9999.0,-9999.0,-9999.0,-5.04,988.72,206.28,1013.25,261,254,0.02
2019-01-20 05:33:01.897799,-5.0,-4.81,-9999.0,-9999.0,-9999.0,-5.07,988.79,205.68,1013.25,261,253,0.02
2019-01-20 05:34:01.685285,-4.94,-4.88,-9999.0,-9999.0,-9999.0,-5.08,988.75,206.04,1013.25,262,253,0.03
2019-01-20 05:35:01.484853,-4.94,-4.88,-9999.0,-9999.0,-9999.0,-5.07,988.68,206.58,1013.25,260,253,0.02
2019-01-20 05:36:02.283016,-4.94,-4.88,-9999.0,-9999.0,-9999.0,-5.09,988.59,207.38,1013.25,261,254,0.02
2019-01-20 05:37:02.069127,-5.0,-4.94,-9999.0,-9999.0,-9999.0,-5.12,988.58,207.42,1013.25,262,254,0.03
2019-01-20 05:38:01.832739,-4.94,-4.94,-9999.0,-9999.0,-9999.0,-5.16,988.59,207.36,1013.25,261,255,0.02
2019-01-20 05:39:01.635501,-4.88,-4.88,-9999.0,-9999.0,-9999.0,-5.15,988.71,206.36,1013.25,261,254,0.02
2019-01-20 05:40:01.466989,-4.88,-4.94,-9999.0,-9999.0,-9999.0,-5.16,988.74,206.08,1013.25,262,255,0.03
2019-01-20 05:41:02.157956,-5.0,-4.94,-9999.0,-9999.0,-9999.0,-5.16,988.68,206.62,1013.25,260,253,0.02
2019-01-20 05:42:01.937839,-5.0,-4.88,-9999.0,-9999.0,-9999.0,-5.18,988.52,207.94,1013.25,261,253,0.02
2019-01-20 05:43:01.724642,-4.94,-4.94,-9999.0,-9999.0,-9999.0,-5.19,988.47,208.42,1013.25,260,253,0.02
2019-01-20 05:44:01.514312,-4.88,-4.94,-9999.0,-9999.0,-9999.0,-5.19,988.42,208.83,1013.25,261,254,0.02
2019-01-20 05:45:02.307901,-4.88,-4.94,-9999.0,-9999.0,-9999.0,-5.17,988.41,208.86,1013.25,262,254,0.03
2019-01-20 05:46:02.100543,-4.94,-4.94,-9999.0,-9999.0,-9999.0,-5.14,988.35,209.39,1013.25,261,254,0.02
2019-01-20 05:47:01.890847,-4.94,-4.94,-9999.0,-9999.0,-9999.0,-5.18,988.35,209.37,1013.25,261,254,0.02
2019-01-20 05:48:01.692870,-4.81,-5.0,-9999.0,-9999.0,-9999.0,-5.18,988.36,209.32,1013.25,261,254,0.02
2019-01-20 05:49:01.484270,-4.81,-5.0,-9999.0,-9999.0,-9999.0,-5.1,988.45,208.51,1013.25,260,254,0.02
2019-01-20 05:50:02.316172,-4.81,-5.0,-9999.0,-9999.0,-9999.0,-5.07,988.46,208.57,1013.25,260,255,0.02
2019-01-20 05:51:02.062752,-4.81,-4.88,-9999.0,-9999.0,-9999.0,-5.07,988.42,208.79,1013.25,262,253,0.03
2019-01-20 05:52:01.869419,-4.88,-5.0,-9999.0,-9999.0,-9999.0,-5.1,988.47,208.35,1013.25,261,253,0.02
2019-01-20 05:53:01.657994,-4.81,-4.94,-9999.0,-9999.0,-9999.0,-5.08,988.51,208.07,1013.25,261,254,0.02
2019-01-20 05:54:01.462740,-4.75,-4.94,-9999.0,-9999.0,-9999.0,-5.05,988.59,207.36,1013.25,262,255,0.03
2019-01-20 05:55:02.250413,-4.75,-4.94,-9999.0,-9999.0,-9999.0,-5.01,988.66,206.77,1013.25,261,252,0.02
2019-01-20 05:56:02.042155,-4.88,-4.94,-9999.0,-9999.0,-9999.0,-5.02,988.64,206.92,1013.25,261,253,0.02
2019-01-20 05:57:01.840859,-4.88,-4.88,-9999.0,-9999.0,-9999.0,-5.05,988.62,207.09,1013.25,261,254,0.02
2019-01-20 05:58:01.634430,-4.75,-4.88,-9999.0,-9999.0,-9999.0,-5.0,988.59,207.39,1013.25,260,253,0.02
2019-01-20 05:59:01.432843,-4.81,-4.81,-9999.0,-9999.0,-9999.0,-4.96,988.58,207.44,1013.25,261,253,0.02
2019-01-20 06:00:02.265388,-4.88,-4.81,-9999.0,-9999.0,-9999.0,-5.16,988.57,207.28,1013.25,262,253,0.03
2019-01-20 06:01:02.316389,-4.94,-4.88,-9999.0,-9999.0,-9999.0,-5.01,988.6,207.31,1013.25,263,254,0.03
2019-01-20 06:02:02.128911,-4.94,-4.81,-9999.0,-9999.0,-9999.0,-5.04,988.66,206.78,1013.25,262,254,0.03
2019-01-20 06:03:01.918475,-4.88,-4.88,-9999.0,-9999.0,-9999.0,-5.04,988.65,206.83,1013.25,261,252,0.02
2019-01-20 06:04:01.708856,-5.0,-4.81,-9999.0,-9999.0,-9999.0,-5.04,988.73,206.19,1013.25,260,253,0.02
2019-01-20 06:05:01.506360,-5.0,-4.88,-9999.0,-9999.0,-9999.0,-5.07,988.81,205.47,1013.25,262,253,0.03
2019-01-20 06:06:02.299237,-5.0,-4.94,-9999.0,-9999.0,-9999.0,-5.05,988.82,205.43,1013.25,261,253,0.02
2019-01-20 06:07:02.090651,-4.94,-4.94,-9999.0,-9999.0,-9999.0,-5.03,988.78,205.78,1013.25,260,254,0.02
2019-01-20 06:08:01.886339,-4.94,-4.88,-9999.0,-9999.0,-9999.0,-5.02,988.75,206.0,1013.25,261,254,0.02
2019-01-20 06:09:01.676291,-5.0,-4.94,-9999.0,-9999.0,-9999.0,-5.05,988.71,206.38,1013.25,260,254,0.02
2019-01-20 06:10:01.522790,-5.06,-4.94,-9999.0,-9999.0,-9999.0,-5.07,988.78,205.69,1013.25,260,253,0.02
2019-01-20 06:11:02.281674,-5.06,-4.88,-9999.0,-9999.0,-9999.0,-5.09,988.82,205.41,1013.25,261,253,0.02
2019-01-20 06:12:02.067836,-5.0,-4.94,-9999.0,-9999.0,-9999.0,-5.08,988.82,205.38,1013.25,261,254,0.02
2019-01-20 06:13:01.870751,-5.0,-4.88,-9999.0,-9999.0,-9999.0,-5.06,988.73,206.2,1013.25,261,254,0.02
2019-01-20 06:14:01.667050,-4.88,-4.94,-9999.0,-9999.0,-9999.0,-5.06,988.72,206.22,1013.25,262,253,0.03
2019-01-20 06:15:01.459532,-4.94,-4.88,-9999.0,-9999.0,-9999.0,-5.05,988.69,206.48,1013.25,261,253,0.02
2019-01-20 06:16:02.245844,-4.88,-4.88,-9999.0,-9999.0,-9999.0,-5.03,988.78,205.78,1013.25,262,253,0.03
2019-01-20 06:17:02.058737,-4.81,-4.88,-9999.0,-9999.0,-9999.0,-5.02,988.89,204.81,1013.25,259,255,0.01
2019-01-20 06:18:01.842834,-4.94,-4.88,-9999.0,-9999.0,-9999.0,-4.99,989.03,203.66,1013.25,261,253,0.02
2019-01-20 06:19:01.630219,-5.06,-4.94,-9999.0,-9999.0,-9999.0,-5.03,989.06,203.37,1013.25,262,254,0.03
2019-01-20 06:20:01.465342,-5.12,-4.94,-9999.0,-9999.0,-9999.0,-5.23,989.07,203.08,1013.25,261,253,0.02
2019-01-20 06:21:02.295819,-5.12,-4.88,-9999.0,-9999.0,-9999.0,-5.22,989.07,202.98,1013.25,262,252,0.03
2019-01-20 06:22:02.129960,-5.12,-4.88,-9999.0,-9999.0,-9999.0,-5.07,989.11,202.98,1013.25,260,253,0.02
2019-01-20 06:23:01.928017,-5.12,-4.88,-9999.0,-9999.0,-9999.0,-5.09,989.11,202.96,1013.25,261,255,0.02
2019-01-20 06:24:01.726409,-5.06,-4.88,-9999.0,-9999.0,-9999.0,-5.08,989.13,202.76,1013.25,262,253,0.03
2019-01-20 06:25:01.559561,-5.06,-4.94,-9999.0,-9999.0,-9999.0,-5.25,989.17,202.21,1013.25,262,254,0.03
2019-01-20 06:26:01.841620,-5.19,-4.81,-9999.0,-9999.0,-9999.0,-5.09,989.22,201.98,1013.25,261,254,0.02
2019-01-20 06:27:01.641400,-5.19,-4.81,-9999.0,-9999.0,-9999.0,-5.07,989.3,201.37,1013.25,261,253,0.02
2019-01-20 06:28:01.439857,-5.25,-4.88,-9999.0,-9999.0,-9999.0,-5.06,989.27,201.6,1013.25,261,253,0.02
2019-01-20 06:29:02.223810,-5.31,-4.81,-9999.0,-9999.0,-9999.0,-5.04,989.29,201.41,1013.25,263,254,0.03
2019-01-20 06:30:02.049290,-5.25,-4.81,-9999.0,-9999.0,-9999.0,-5.25,989.27,201.44,1013.25,262,254,0.03
2019-01-20 06:31:02.091151,-5.38,-4.88,-9999.0,-9999.0,-9999.0,-5.09,989.25,201.79,1013.25,262,254,0.03
2019-01-20 06:32:01.892289,-5.44,-4.88,-9999.0,-9999.0,-9999.0,-5.14,989.26,201.7,1013.25,262,255,0.03
2019-01-20 06:33:01.694533,-5.38,-4.94,-9999.0,-9999.0,-9999.0,-5.22,989.34,200.98,1013.25,261,253,0.02
2019-01-20 06:34:01.494183,-5.31,-5.0,-9999.0,-9999.0,-9999.0,-5.29,989.41,200.39,1013.25,261,254,0.02
2019-01-20 06:35:02.282636,-5.31,-5.0,-9999.0,-9999.0,-9999.0,-5.3,989.45,200.06,1013.25,261,253,0.02
2019-01-20 06:36:02.085302,-5.38,-5.06,-9999.0,-9999.0,-9999.0,-5.33,989.49,199.69,1013.25,261,254,0.02
2019-01-20 06:37:01.878826,-5.31,-5.06,-9999.0,-9999.0,-9999.0,-5.37,989.48,199.81,1013.25,261,254,0.02
2019-01-20 06:38:01.668565,-5.25,-5.06,-9999.0,-9999.0,-9999.0,-5.37,989.42,200.34,1013.25,262,253,0.03
2019-01-20 06:39:01.461765,-5.44,-5.0,-9999.0,-9999.0,-9999.0,-5.37,989.47,199.89,1013.25,260,253,0.02
2019-01-20 06:40:02.311300,-5.38,-5.0,-9999.0,-9999.0,-9999.0,-5.52,989.52,199.45,1013.25,261,253,0.02
2019-01-20 06:41:02.050753,-5.31,-5.06,-9999.0,-9999.0,-9999.0,-5.37,989.59,198.84,1013.25,261,254,0.02
2019-01-20 06:42:01.833617,-5.38,-5.0,-9999.0,-9999.0,-9999.0,-5.35,989.58,198.94,1013.25,260,254,0.02
2019-01-20 06:43:01.617482,-5.44,-5.0,-9999.0,-9999.0,-9999.0,-5.38,989.54,199.28,1013.25,261,253,0.02
2019-01-20 06:44:02.418789,-5.5,-5.0,-9999.0,-9999.0,-9999.0,-5.42,989.46,200.01,1013.25,261,254,0.02
2019-01-20 06:45:02.207703,-5.62,-5.0,-9999.0,-9999.0,-9999.0,-5.37,989.42,200.33,1013.25,260,252,0.02
2019-01-20 06:46:01.997795,-5.62,-5.06,-9999.0,-9999.0,-9999.0,-5.45,989.32,201.17,1013.25,262,254,0.03
2019-01-20 06:47:01.833962,-5.5,-5.12,-9999.0,-9999.0,-9999.0,-5.54,989.23,201.94,1013.25,261,255,0.02
2019-01-20 06:48:01.888163,-5.56,-5.19,-9999.0,-9999.0,-9999.0,-5.59,989.09,203.14,1013.25,260,253,0.02
2019-01-20 06:49:01.688792,-5.56,-5.25,-9999.0,-9999.0,-9999.0,-5.64,988.98,204.02,1013.25,261,255,0.02
2019-01-20 06:50:01.515047,-5.56,-5.25,-9999.0,-9999.0,-9999.0,-5.85,988.92,204.6,1013.25,260,253,0.02
2019-01-20 06:51:01.480281,-5.5,-5.25,-9999.0,-9999.0,-9999.0,-5.7,988.96,204.22,1013.25,261,251,0.02
2019-01-20 06:52:02.283632,-5.5,-5.25,-9999.0,-9999.0,-9999.0,-5.71,989.01,203.82,1013.25,260,252,0.02
2019-01-20 06:53:02.076354,-5.5,-5.25,-9999.0,-9999.0,-9999.0,-5.7,989.05,203.49,1013.25,261,254,0.02
2019-01-20 06:54:01.856975,-5.5,-5.19,-9999.0,-9999.0,-9999.0,-5.58,989.07,203.27,1013.25,262,253,0.03
2019-01-20 06:55:01.654899,-5.5,-5.12,-9999.0,-9999.0,-9999.0,-5.46,989.09,203.15,1013.25,261,253,0.02
2019-01-20 06:56:01.444773,-5.44,-5.06,-9999.0,-9999.0,-9999.0,-5.35,989.09,203.1,1013.25,263,253,0.03
2019-01-20 06:57:02.241734,-5.5,-5.0,-9999.0,-9999.0,-9999.0,-5.3,988.99,203.98,1013.25,263,255,0.03
2019-01-20 06:58:02.037229,-5.5,-5.0,-9999.0,-9999.0,-9999.0,-5.26,988.97,204.12,1013.25,262,253,0.03
2019-01-20 06:59:01.836639,-5.56,-5.06,-9999.0,-9999.0,-9999.0,-5.23,989.07,203.3,1013.25,261,253,0.02
2019-01-20 07:00:01.659720,-5.69,-5.12,-9999.0,-9999.0,-9999.0,-5.85,989.02,203.7,1013.25,262,252,0.03
2019-01-20 07:01:01.490634,-5.69,-5.19,-9999.0,-9999.0,-9999.0,-5.7,989.01,203.78,1013.25,260,254,0.02
2019-01-20 07:02:02.282354,-5.69,-5.31,-9999.0,-9999.0,-9999.0,-5.84,988.88,204.88,1013.25,261,254,0.02
2019-01-20 07:03:02.078667,-5.75,-5.44,-9999.0,-9999.0,-9999.0,-5.91,988.87,204.99,1013.25,261,254,0.02
2019-01-20 07:04:01.869722,-5.75,-5.5,-9999.0,-9999.0,-9999.0,-5.96,989.0,203.85,1013.25,260,254,0.02
2019-01-20 07:05:01.668815,-5.69,-5.56,-9999.0,-9999.0,-9999.0,-6.03,989.01,203.78,1013.25,261,255,0.02
2019-01-20 07:06:01.462282,-5.75,-5.62,-9999.0,-9999.0,-9999.0,-6.08,988.95,204.32,1013.25,261,253,0.02
2019-01-20 07:07:02.253849,-5.75,-5.62,-9999.0,-9999.0,-9999.0,-6.1,988.87,205.02,1013.25,262,253,0.03
2019-01-20 07:08:02.048085,-5.75,-5.56,-9999.0,-9999.0,-9999.0,-6.04,988.86,205.07,1013.25,261,252,0.02
2019-01-20 07:09:01.849473,-5.75,-5.56,-9999.0,-9999.0,-9999.0,-5.93,988.95,204.34,1013.25,262,254,0.03
2019-01-20 07:10:01.690539,-5.81,-5.69,-9999.0,-9999.0,-9999.0,-6.27,989.1,202.78,1013.25,262,255,0.03
2019-01-20 07:11:01.440650,-5.81,-5.69,-9999.0,-9999.0,-9999.0,-6.12,989.1,203.03,1013.25,261,252,0.02
2019-01-20 07:12:02.226303,-5.88,-5.69,-9999.0,-9999.0,-9999.0,-6.21,989.0,203.89,1013.25,261,254,0.02
2019-01-20 07:13:02.021762,-5.81,-5.69,-9999.0,-9999.0,-9999.0,-6.19,988.86,205.09,1013.25,262,254,0.03
2019-01-20 07:14:01.813949,-5.88,-5.69,-9999.0,-9999.0,-9999.0,-6.08,988.85,205.18,1013.25,262,253,0.03
2019-01-20 07:15:01.602541,-5.88,-5.62,-9999.0,-9999.0,-9999.0,-6.03,988.92,204.59,1013.25,262,253,0.03
2019-01-20 07:16:02.397028,-5.94,-5.75,-9999.0,-9999.0,-9999.0,-6.12,989.03,203.62,1013.25,261,254,0.02
2019-01-20 07:17:02.206701,-5.94,-5.81,-9999.0,-9999.0,-9999.0,-6.34,989.02,203.67,1013.25,261,254,0.02
2019-01-20 07:18:01.988505,-6.0,-5.94,-9999.0,-9999.0,-9999.0,-6.49,989.02,203.71,1013.25,261,253,0.02
2019-01-20 07:19:01.775101,-6.12,-5.94,-9999.0,-9999.0,-9999.0,-6.55,988.95,204.34,1013.25,261,253,0.02
2019-01-20 07:20:01.599851,-6.0,-5.88,-9999.0,-9999.0,-9999.0,-6.38,988.99,203.81,1013.25,260,254,0.02
2019-01-20 07:21:01.470198,-6.0,-6.0,-9999.0,-9999.0,-9999.0,-6.41,989.03,203.65,1013.25,261,254,0.02
2019-01-20 07:22:02.268122,-6.0,-6.0,-9999.0,-9999.0,-9999.0,-6.53,989.07,203.31,1013.25,261,253,0.02
2019-01-20 07:23:02.050577,-6.0,-6.06,-9999.0,-9999.0,-9999.0,-6.82,989.07,202.94,1013.25,261,254,0.02
2019-01-20 07:24:01.919402,-5.94,-6.12,-9999.0,-9999.0,-9999.0,-6.67,989.08,203.17,1013.25,262,253,0.03
2019-01-20 07:25:01.719388,-6.0,-6.12,-9999.0,-9999.0,-9999.0,-6.7,988.98,204.05,1013.25,261,253,0.02
2019-01-20 07:26:01.526503,-6.06,-6.0,-9999.0,-9999.0,-9999.0,-6.57,988.96,204.22,1013.25,261,254,0.02
2019-01-20 07:27:02.328350,-6.0,-5.94,-9999.0,-9999.0,-9999.0,-6.35,988.91,204.69,1013.25,262,254,0.03
2019-01-20 07:28:02.121356,-5.88,-5.94,-9999.0,-9999.0,-9999.0,-6.23,989.01,203.79,1013.25,261,254,0.02
2019-01-20 07:29:01.912365,-5.81,-5.88,-9999.0,-9999.0,-9999.0,-6.16,989.06,203.35,1013.25,261,255,0.02
2019-01-20 07:30:01.736498,-5.81,-5.88,-9999.0,-9999.0,-9999.0,-6.25,989.09,203.13,1013.25,261,253,0.02
2019-01-20 07:31:01.863235,-5.75,-5.88,-9999.0,-9999.0,-9999.0,-6.11,989.06,203.41,1013.25,260,254,0.02
2019-01-20 07:32:01.669625,-5.75,-5.94,-9999.0,-9999.0,-9999.0,-6.2,988.97,204.11,1013.25,261,253,0.02
2019-01-20 07:33:01.469086,-5.69,-5.88,-9999.0,-9999.0,-9999.0,-6.23,988.87,205.0,1013.25,261,253,0.02
2019-01-20 07:34:02.279807,-5.75,-5.81,-9999.0,-9999.0,-9999.0,-6.13,988.88,204.9,1013.25,261,253,0.02
2019-01-20 07:35:02.074940,-5.75,-5.81,-9999.0,-9999.0,-9999.0,-6.05,988.9,204.71,1013.25,261,253,0.02
2019-01-20 07:36:01.864164,-5.81,-5.88,-9999.0,-9999.0,-9999.0,-6.03,988.89,204.85,1013.25,260,255,0.02
2019-01-20 07:37:01.669697,-5.81,-5.81,-9999.0,-9999.0,-9999.0,-6.1,988.78,205.74,1013.25,260,254,0.02
2019-01-20 07:38:01.455535,-5.81,-5.75,-9999.0,-9999.0,-9999.0,-6.05,988.78,205.75,1013.25,261,253,0.02
2019-01-20 07:39:02.244944,-5.75,-5.75,-9999.0,-9999.0,-9999.0,-6.02,988.78,205.77,1013.25,262,254,0.03
2019-01-20 07:40:02.075065,-5.69,-5.75,-9999.0,-9999.0,-9999.0,-6.13,988.84,205.11,1013.25,263,251,0.03
2019-01-20 07:41:02.156028,-5.69,-5.81,-9999.0,-9999.0,-9999.0,-5.99,988.9,204.76,1013.25,261,253,0.02
2019-01-20 07:42:01.936882,-5.69,-5.81,-9999.0,-9999.0,-9999.0,-6.0,988.84,205.28,1013.25,263,253,0.03
2019-01-20 07:43:01.676613,-5.81,-5.75,-9999.0,-9999.0,-9999.0,-6.03,988.73,206.17,1013.25,261,253,0.02
2019-01-20 07:44:01.490135,-5.81,-5.81,-9999.0,-9999.0,-9999.0,-6.0,988.65,206.81,1013.25,260,254,0.02
2019-01-20 07:45:02.293627,-5.81,-5.81,-9999.0,-9999.0,-9999.0,-5.98,988.63,206.99,1013.25,262,253,0.03
2019-01-20 07:46:02.103255,-5.88,-5.81,-9999.0,-9999.0,-9999.0,-5.97,988.62,207.08,1013.25,261,254,0.02
2019-01-20 07:47:01.898215,-5.88,-5.75,-9999.0,-9999.0,-9999.0,-6.0,988.64,206.98,1013.25,261,253,0.02
2019-01-20 07:48:01.683604,-5.94,-5.75,-9999.0,-9999.0,-9999.0,-6.01,988.65,206.88,1013.25,260,253,0.02
2019-01-20 07:49:01.474399,-6.06,-5.81,-9999.0,-9999.0,-9999.0,-6.0,988.68,206.62,1013.25,260,253,0.02
2019-01-20 07:50:02.304688,-6.06,-5.81,-9999.0,-9999.0,-9999.0,-6.17,988.72,206.22,1013.25,262,254,0.03
2019-01-20 07:51:02.377409,-6.12,-5.81,-9999.0,-9999.0,-9999.0,-6.02,988.75,206.01,1013.25,261,254,0.02
2019-01-20 07:52:02.163943,-6.06,-5.88,-9999.0,-9999.0,-9999.0,-6.04,988.75,206.01,1013.25,260,253,0.02
2019-01-20 07:53:01.954414,-6.0,-5.81,-9999.0,-9999.0,-9999.0,-6.05,988.72,206.22,1013.25,263,253,0.03
2019-01-20 07:54:01.746618,-5.94,-5.88,-9999.0,-9999.0,-9999.0,-6.08,988.74,206.13,1013.25,261,252,0.02
2019-01-20 07:55:01.555706,-5.88,-5.81,-9999.0,-9999.0,-9999.0,-6.09,988.67,206.68,1013.25,261,255,0.02
2019-01-20 07:56:02.342700,-5.75,-5.88,-9999.0,-9999.0,-9999.0,-6.08,988.61,207.23,1013.25,262,254,0.03
2019-01-20 07:57:02.139815,-5.69,-5.81,-9999.0,-9999.0,-9999.0,-6.07,988.65,206.88,1013.25,262,254,0.03
2019-01-20 07:58:01.928064,-5.62,-5.88,-9999.0,-9999.0,-9999.0,-6.07,988.67,206.68,1013.25,262,252,0.03
2019-01-20 07:59:01.668133,-5.56,-5.88,-9999.0,-9999.0,-9999.0,-6.06,988.73,206.21,1013.25,262,252,0.03
2019-01-20 08:00:01.476576,-5.56,-5.88,-9999.0,-9999.0,-9999.0,-6.06,988.76,205.72,1013.25,261,254,0.02
2019-01-20 08:01:02.303237,-5.62,-5.88,-9999.0,-9999.0,-9999.0,-6.08,988.73,206.2,1013.25,261,253,0.02
2019-01-20 08:02:02.113542,-5.62,-5.94,-9999.0,-9999.0,-9999.0,-6.11,988.7,206.47,1013.25,262,253,0.03
2019-01-20 08:03:01.904308,-5.75,-5.94,-9999.0,-9999.0,-9999.0,-6.08,988.66,206.78,1013.25,262,254,0.03
2019-01-20 08:04:01.694744,-5.81,-5.94,-9999.0,-9999.0,-9999.0,-6.13,988.6,207.25,1013.25,261,254,0.02
2019-01-20 08:05:01.489945,-5.94,-6.12,-9999.0,-9999.0,-9999.0,-6.39,988.58,207.44,1013.25,262,254,0.03
2019-01-20 08:06:02.280640,-6.12,-6.31,-9999.0,-9999.0,-9999.0,-6.65,988.52,207.96,1013.25,261,253,0.02
2019-01-20 08:07:02.073434,-6.31,-6.38,-9999.0,-9999.0,-9999.0,-6.82,988.51,208.06,1013.25,261,253,0.02
2019-01-20 08:08:01.875190,-6.44,-6.44,-9999.0,-9999.0,-9999.0,-6.93,988.51,208.04,1013.25,262,254,0.03
2019-01-20 08:09:01.675075,-6.44,-6.5,-9999.0,-9999.0,-9999.0,-7.01,988.57,207.54,1013.25,261,254,0.02
2019-01-20 08:10:01.497791,-6.38,-6.56,-9999.0,-9999.0,-9999.0,-7.07,988.66,206.33,1013.25,261,254,0.02
2019-01-20 08:11:02.323304,-6.25,-6.56,-9999.0,-9999.0,-9999.0,-7.05,988.73,206.21,1013.25,262,253,0.03
2019-01-20 08:12:02.125733,-6.12,-6.62,-9999.0,-9999.0,-9999.0,-7.0,988.69,206.5,1013.25,261,254,0.02
2019-01-20 08:13:01.926718,-6.12,-6.62,-9999.0,-9999.0,-9999.0,-6.97,988.68,206.58,1013.25,260,253,0.02
2019-01-20 08:14:01.723912,-6.06,-6.62,-9999.0,-9999.0,-9999.0,-6.94,988.63,206.99,1013.25,262,253,0.03
2019-01-20 08:15:01.515555,-6.19,-6.56,-9999.0,-9999.0,-9999.0,-6.89,988.59,207.35,1013.25,261,253,0.02
2019-01-20 08:16:02.308928,-6.25,-6.62,-9999.0,-9999.0,-9999.0,-6.88,988.62,207.11,1013.25,261,253,0.02
2019-01-20 08:17:02.102119,-6.38,-6.56,-9999.0,-9999.0,-9999.0,-6.85,988.56,207.58,1013.25,262,254,0.03
2019-01-20 08:18:01.901505,-6.38,-6.62,-9999.0,-9999.0,-9999.0,-6.85,988.59,207.38,1013.25,262,254,0.03
2019-01-20 08:19:01.699317,-6.38,-6.56,-9999.0,-9999.0,-9999.0,-6.86,988.58,207.42,1013.25,260,254,0.02
2019-01-20 08:20:01.516544,-6.38,-6.62,-9999.0,-9999.0,-9999.0,-7.0,988.62,207.03,1013.25,261,254,0.02
2019-01-20 08:21:01.402395,-6.31,-6.62,-9999.0,-9999.0,-9999.0,-6.86,988.59,207.35,1013.25,261,253,0.02
2019-01-20 08:22:02.177636,-6.19,-6.56,-9999.0,-9999.0,-9999.0,-6.85,988.6,207.24,1013.25,261,254,0.02
2019-01-20 08:23:01.971339,-6.19,-6.56,-9999.0,-9999.0,-9999.0,-6.84,988.53,207.88,1013.25,262,251,0.03
2019-01-20 08:24:01.753503,-6.19,-6.56,-9999.0,-9999.0,-9999.0,-6.79,988.5,208.17,1013.25,263,254,0.03
2019-01-20 08:25:01.542417,-6.12,-6.56,-9999.0,-9999.0,-9999.0,-6.75,988.5,208.11,1013.25,261,252,0.02
2019-01-20 08:26:02.332987,-6.19,-6.56,-9999.0,-9999.0,-9999.0,-6.73,988.46,208.5,1013.25,262,255,0.03
2019-01-20 08:27:02.129920,-6.12,-6.5,-9999.0,-9999.0,-9999.0,-6.73,988.49,208.21,1013.25,260,253,0.02
2019-01-20 08:28:01.924216,-6.12,-6.5,-9999.0,-9999.0,-9999.0,-6.69,988.5,208.15,1013.25,262,254,0.03
2019-01-20 08:29:01.715204,-6.06,-6.44,-9999.0,-9999.0,-9999.0,-6.66,988.45,208.52,1013.25,261,254,0.02
2019-01-20 08:30:01.543837,-6.06,-6.44,-9999.0,-9999.0,-9999.0,-6.66,988.46,208.35,1013.25,259,254,0.01
2019-01-20 08:31:01.418381,-6.0,-6.38,-9999.0,-9999.0,-9999.0,-6.65,988.53,207.91,1013.25,260,254,0.02
2019-01-20 08:32:02.201846,-6.12,-6.38,-9999.0,-9999.0,-9999.0,-6.61,988.56,207.61,1013.25,261,253,0.02
2019-01-20 08:33:01.986527,-6.06,-6.38,-9999.0,-9999.0,-9999.0,-6.62,988.6,207.24,1013.25,261,254,0.02
2019-01-20 08:34:01.777098,-6.19,-6.31,-9999.0,-9999.0,-9999.0,-6.6,988.6,207.25,1013.25,260,254,0.02
2019-01-20 08:35:01.568873,-6.19,-6.38,-9999.0,-9999.0,-9999.0,-6.62,988.64,206.95,1013.25,263,254,0.03
2019-01-20 08:36:02.359185,-6.31,-6.38,-9999.0,-9999.0,-9999.0,-6.64,988.61,207.21,1013.25,260,252,0.02
2019-01-20 08:37:02.146187,-6.25,-6.44,-9999.0,-9999.0,-9999.0,-6.68,988.52,207.92,1013.25,261,253,0.02
2019-01-20 08:38:01.941800,-6.31,-6.38,-9999.0,-9999.0,-9999.0,-6.69,988.49,208.23,1013.25,261,254,0.02
2019-01-20 08:39:01.738229,-6.38,-6.44,-9999.0,-9999.0,-9999.0,-6.72,988.5,208.15,1013.25,262,254,0.03
2019-01-20 08:40:01.567801,-6.44,-6.38,-9999.0,-9999.0,-9999.0,-6.85,988.5,208.15,1013.25,261,254,0.02
2019-01-20 08:41:01.720447,-6.44,-6.38,-9999.0,-9999.0,-9999.0,-6.7,988.49,208.2,1013.25,260,254,0.02
2019-01-20 08:42:01.516632,-6.5,-6.31,-9999.0,-9999.0,-9999.0,-6.66,988.48,208.27,1013.25,263,254,0.03
2019-01-20 08:43:02.313575,-6.56,-6.25,-9999.0,-9999.0,-9999.0,-6.59,988.43,208.75,1013.25,262,254,0.03
2019-01-20 08:44:02.115212,-6.56,-6.25,-9999.0,-9999.0,-9999.0,-6.45,988.34,209.47,1013.25,261,255,0.02
2019-01-20 08:45:01.913026,-6.44,-6.19,-9999.0,-9999.0,-9999.0,-6.38,988.36,209.32,1013.25,261,253,0.02
2019-01-20 08:46:01.701397,-6.44,-6.12,-9999.0,-9999.0,-9999.0,-6.32,988.35,209.43,1013.25,262,253,0.03
2019-01-20 08:47:01.488954,-6.25,-6.12,-9999.0,-9999.0,-9999.0,-6.29,988.3,209.86,1013.25,260,253,0.02
2019-01-20 08:48:02.289065,-6.38,-6.19,-9999.0,-9999.0,-9999.0,-6.31,988.21,210.61,1013.25,263,254,0.03
2019-01-20 08:49:02.080575,-6.31,-6.19,-9999.0,-9999.0,-9999.0,-6.37,988.17,210.9,1013.25,260,254,0.02
2019-01-20 08:50:01.920947,-6.38,-6.12,-9999.0,-9999.0,-9999.0,-6.48,988.13,211.22,1013.25,261,254,0.02
2019-01-20 08:51:01.867571,-6.38,-6.12,-9999.0,-9999.0,-9999.0,-6.33,988.15,211.12,1013.25,261,254,0.02
2019-01-20 08:52:01.669634,-6.38,-6.06,-9999.0,-9999.0,-9999.0,-6.3,988.19,210.78,1013.25,262,254,0.03
2019-01-20 08:53:01.452533,-6.38,-6.06,-9999.0,-9999.0,-9999.0,-6.29,988.16,211.0,1013.25,262,255,0.03
2019-01-20 08:54:02.240766,-6.25,-6.12,-9999.0,-9999.0,-9999.0,-6.28,988.19,210.77,1013.25,262,253,0.03
2019-01-20 08:55:02.041234,-6.31,-6.12,-9999.0,-9999.0,-9999.0,-6.37,988.11,211.48,1013.25,261,253,0.02
2019-01-20 08:56:01.832018,-6.31,-6.12,-9999.0,-9999.0,-9999.0,-6.35,988.04,212.08,1013.25,260,254,0.02
2019-01-20 08:57:01.621939,-6.25,-6.12,-9999.0,-9999.0,-9999.0,-6.33,987.98,212.57,1013.25,261,252,0.02
2019-01-20 08:58:01.423845,-6.19,-6.19,-9999.0,-9999.0,-9999.0,-6.34,987.91,213.11,1013.25,260,253,0.02
2019-01-20 08:59:02.222367,-6.19,-6.19,-9999.0,-9999.0,-9999.0,-6.44,987.88,213.4,1013.25,261,253,0.02
2019-01-20 09:00:02.057010,-6.25,-6.31,-9999.0,-9999.0,-9999.0,-6.58,987.98,212.56,1013.25,262,254,0.03
2019-01-20 09:01:02.201450,-6.31,-6.38,-9999.0,-9999.0,-9999.0,-6.74,988.01,212.3,1013.25,260,254,0.02
2019-01-20 09:02:02.000505,-6.38,-6.44,-9999.0,-9999.0,-9999.0,-6.91,988.04,212.07,1013.25,261,253,0.02
2019-01-20 09:03:01.785631,-6.44,-6.44,-9999.0,-9999.0,-9999.0,-6.98,988.02,212.24,1013.25,261,254,0.02
2019-01-20 09:04:01.574425,-6.31,-6.5,-9999.0,-9999.0,-9999.0,-6.95,987.98,212.55,1013.25,261,253,0.02
2019-01-20 09:05:02.370333,-6.5,-6.56,-9999.0,-9999.0,-9999.0,-6.95,987.98,212.54,1013.25,262,253,0.03
2019-01-20 09:06:02.165515,-6.62,-6.62,-9999.0,-9999.0,-9999.0,-6.97,988.02,212.18,1013.25,262,254,0.03
2019-01-20 09:07:01.954229,-6.56,-6.62,-9999.0,-9999.0,-9999.0,-7.0,988.05,211.97,1013.25,261,253,0.02
2019-01-20 09:08:01.746065,-6.5,-6.62,-9999.0,-9999.0,-9999.0,-7.07,988.03,212.15,1013.25,260,254,0.02
2019-01-20 09:09:01.538212,-6.44,-6.56,-9999.0,-9999.0,-9999.0,-6.97,988.01,212.29,1013.25,262,254,0.03
2019-01-20 09:10:02.390967,-6.38,-6.56,-9999.0,-9999.0,-9999.0,-6.95,988.01,212.08,1013.25,262,253,0.03
2019-01-20 09:11:02.234288,-6.38,-6.5,-9999.0,-9999.0,-9999.0,-6.81,987.92,213.08,1013.25,263,254,0.03
2019-01-20 09:12:02.021055,-6.31,-6.5,-9999.0,-9999.0,-9999.0,-6.79,987.86,213.54,1013.25,262,253,0.03
2019-01-20 09:13:01.811871,-6.31,-6.5,-9999.0,-9999.0,-9999.0,-6.73,987.78,214.26,1013.25,261,254,0.02
2019-01-20 09:14:01.601270,-6.44,-6.38,-9999.0,-9999.0,-9999.0,-6.67,987.83,213.85,1013.25,261,253,0.02
2019-01-20 09:15:02.399787,-6.56,-6.38,-9999.0,-9999.0,-9999.0,-6.63,987.85,213.62,1013.25,261,254,0.02
2019-01-20 09:16:02.191477,-6.81,-6.44,-9999.0,-9999.0,-9999.0,-6.6,987.85,213.67,1013.25,261,252,0.02
2019-01-20 09:17:01.997577,-6.88,-6.38,-9999.0,-9999.0,-9999.0,-6.59,987.89,213.35,1013.25,262,253,0.03
2019-01-20 09:18:01.783268,-6.75,-6.44,-9999.0,-9999.0,-9999.0,-6.58,987.85,213.68,1013.25,261,253,0.02
2019-01-20 09:19:01.600884,-6.69,-6.38,-9999.0,-9999.0,-9999.0,-6.58,987.85,213.66,1013.25,260,254,0.02
2019-01-20 09:20:02.419109,-6.62,-6.38,-9999.0,-9999.0,-9999.0,-6.59,987.81,214.01,1013.25,262,253,0.03
2019-01-20 09:21:02.269982,-6.62,-6.38,-9999.0,-9999.0,-9999.0,-6.59,987.86,213.61,1013.25,262,252,0.03
2019-01-20 09:22:02.070357,-6.56,-6.38,-9999.0,-9999.0,-9999.0,-6.59,987.95,212.82,1013.25,261,252,0.02
2019-01-20 09:23:01.854466,-6.56,-6.38,-9999.0,-9999.0,-9999.0,-6.59,987.97,212.62,1013.25,261,254,0.02
2019-01-20 09:24:01.650720,-6.5,-6.38,-9999.0,-9999.0,-9999.0,-6.59,988.0,212.38,1013.25,260,253,0.02
2019-01-20 09:25:01.449701,-6.56,-6.31,-9999.0,-9999.0,-9999.0,-6.59,987.98,212.52,1013.25,261,253,0.02
2019-01-20 09:26:02.240745,-6.5,-6.31,-9999.0,-9999.0,-9999.0,-6.59,987.97,212.59,1013.25,261,254,0.02
2019-01-20 09:27:02.031606,-6.56,-6.38,-9999.0,-9999.0,-9999.0,-6.59,987.99,212.44,1013.25,261,253,0.02
2019-01-20 09:28:01.818885,-6.44,-6.38,-9999.0,-9999.0,-9999.0,-6.59,988.0,212.39,1013.25,260,253,0.02
2019-01-20 09:29:01.613651,-6.38,-6.38,-9999.0,-9999.0,-9999.0,-6.58,988.07,211.8,1013.25,260,253,0.02
2019-01-20 09:30:02.442656,-6.31,-6.38,-9999.0,-9999.0,-9999.0,-6.7,988.16,210.96,1013.25,261,253,0.02
2019-01-20 09:31:02.310758,-6.44,-6.31,-9999.0,-9999.0,-9999.0,-6.56,988.19,210.8,1013.25,262,253,0.03
2019-01-20 09:32:02.099407,-6.69,-6.31,-9999.0,-9999.0,-9999.0,-6.55,988.19,210.78,1013.25,262,254,0.03
2019-01-20 09:33:01.888851,-6.75,-6.25,-9999.0,-9999.0,-9999.0,-6.54,988.11,211.42,1013.25,259,253,0.01
2019-01-20 09:34:01.679069,-6.75,-6.31,-9999.0,-9999.0,-9999.0,-6.53,988.04,212.04,1013.25,262,253,0.03
2019-01-20 09:35:01.484637,-6.81,-6.31,-9999.0,-9999.0,-9999.0,-6.67,987.94,212.38,1013.25,262,253,0.03
2019-01-20 09:36:02.355122,-6.88,-6.38,-9999.0,-9999.0,-9999.0,-6.53,987.92,213.02,1013.25,259,254,0.01
2019-01-20 09:37:02.155764,-6.81,-6.31,-9999.0,-9999.0,-9999.0,-6.53,987.86,213.57,1013.25,262,253,0.03
2019-01-20 09:38:01.970259,-6.81,-6.25,-9999.0,-9999.0,-9999.0,-6.53,987.74,214.59,1013.25,264,253,0.04
2019-01-20 09:39:01.761566,-6.94,-6.38,-9999.0,-9999.0,-9999.0,-6.55,987.76,214.4,1013.25,261,253,0.02
2019-01-20 09:40:01.588400,-6.94,-6.38,-9999.0,-9999.0,-9999.0,-6.74,987.7,215.13,1013.25,261,254,0.02
2019-01-20 09:41:01.551406,-6.81,-6.38,-9999.0,-9999.0,-9999.0,-6.6,987.6,215.81,1013.25,262,254,0.03
2019-01-20 09:42:02.339011,-6.94,-6.38,-9999.0,-9999.0,-9999.0,-6.63,987.43,217.19,1013.25,262,253,0.03
2019-01-20 09:43:02.126212,-7.0,-6.44,-9999.0,-9999.0,-9999.0,-6.65,987.34,217.97,1013.25,262,252,0.03
2019-01-20 09:44:01.921001,-6.94,-6.44,-9999.0,-9999.0,-9999.0,-6.68,987.28,218.47,1013.25,261,253,0.02
2019-01-20 09:45:01.710790,-7.0,-6.44,-9999.0,-9999.0,-9999.0,-6.71,987.23,218.96,1013.25,260,255,0.02
2019-01-20 09:46:01.499809,-6.94,-6.56,-9999.0,-9999.0,-9999.0,-6.76,987.22,218.98,1013.25,262,254,0.03
2019-01-20 09:47:02.290852,-6.88,-6.56,-9999.0,-9999.0,-9999.0,-6.84,987.19,219.29,1013.25,263,253,0.03
2019-01-20 09:48:02.095929,-6.88,-6.56,-9999.0,-9999.0,-9999.0,-6.86,987.08,220.16,1013.25,260,253,0.02
2019-01-20 09:49:01.884428,-6.81,-6.56,-9999.0,-9999.0,-9999.0,-6.84,987.13,219.76,1013.25,261,253,0.02
2019-01-20 09:50:01.725186,-6.75,-6.56,-9999.0,-9999.0,-9999.0,-6.96,987.14,219.75,1013.25,262,254,0.03
2019-01-20 09:51:01.669708,-6.75,-6.56,-9999.0,-9999.0,-9999.0,-6.82,987.14,219.69,1013.25,261,254,0.02
2019-01-20 09:52:01.471481,-6.75,-6.5,-9999.0,-9999.0,-9999.0,-6.8,987.14,219.69,1013.25,261,254,0.02
2019-01-20 09:53:02.260376,-6.75,-6.56,-9999.0,-9999.0,-9999.0,-6.78,987.11,219.95,1013.25,261,253,0.02
2019-01-20 09:54:02.061810,-6.81,-6.56,-9999.0,-9999.0,-9999.0,-6.76,987.08,220.2,1013.25,262,253,0.03
2019-01-20 09:55:01.858480,-6.75,-6.56,-9999.0,-9999.0,-9999.0,-6.77,987.01,220.81,1013.25,263,254,0.03
2019-01-20 09:56:01.645400,-6.81,-6.56,-9999.0,-9999.0,-9999.0,-6.78,986.96,221.2,1013.25,263,255,0.03
2019-01-20 09:57:01.435619,-6.88,-6.56,-9999.0,-9999.0,-9999.0,-6.87,986.95,221.31,1013.25,260,253,0.02
2019-01-20 09:58:02.229858,-6.75,-6.56,-9999.0,-9999.0,-9999.0,-6.84,986.95,221.31,1013.25,260,253,0.02
2019-01-20 09:59:02.031865,-6.62,-6.69,-9999.0,-9999.0,-9999.0,-6.84,986.97,221.17,1013.25,261,254,0.02
2019-01-20 10:00:01.867601,-6.56,-6.69,-9999.0,-9999.0,-9999.0,-7.06,987.01,220.82,1013.25,263,253,0.03
2019-01-20 10:01:01.805728,-6.56,-6.69,-9999.0,-9999.0,-9999.0,-6.92,987.02,220.71,1013.25,261,254,0.02
2019-01-20 10:02:01.611314,-6.56,-6.75,-9999.0,-9999.0,-9999.0,-6.96,986.99,221.0,1013.25,262,254,0.03
2019-01-20 10:03:02.409509,-6.56,-6.75,-9999.0,-9999.0,-9999.0,-7.01,987.05,220.42,1013.25,261,253,0.02
2019-01-20 10:04:02.192436,-6.56,-6.75,-9999.0,-9999.0,-9999.0,-7.03,986.97,221.15,1013.25,263,254,0.03
2019-01-20 10:05:01.984633,-6.56,-6.69,-9999.0,-9999.0,-9999.0,-6.99,987.07,220.29,1013.25,260,253,0.02
2019-01-20 10:06:01.776627,-6.56,-6.62,-9999.0,-9999.0,-9999.0,-6.92,987.0,220.91,1013.25,261,254,0.02
2019-01-20 10:07:01.575302,-6.5,-6.62,-9999.0,-9999.0,-9999.0,-6.86,986.85,222.15,1013.25,261,254,0.02
2019-01-20 10:08:02.358479,-6.56,-6.56,-9999.0,-9999.0,-9999.0,-6.82,986.86,222.1,1013.25,263,253,0.03
2019-01-20 10:09:02.145893,-6.56,-6.62,-9999.0,-9999.0,-9999.0,-6.9,986.87,222.28,1013.25,260,254,0.02
2019-01-20 10:10:02.052102,-6.62,-6.5,-9999.0,-9999.0,-9999.0,-6.75,986.8,222.42,1013.25,262,251,0.03
2019-01-20 10:11:01.934172,-6.56,-6.56,-9999.0,-9999.0,-9999.0,-6.73,986.75,223.04,1013.25,261,254,0.02
2019-01-20 10:12:01.711641,-6.62,-6.56,-9999.0,-9999.0,-9999.0,-6.71,986.74,223.12,1013.25,261,254,0.02
2019-01-20 10:13:01.498428,-6.69,-6.5,-9999.0,-9999.0,-9999.0,-6.7,986.75,223.03,1013.25,263,253,0.03
2019-01-20 10:14:02.294279,-6.69,-6.5,-9999.0,-9999.0,-9999.0,-6.68,986.73,223.17,1013.25,260,253,0.02
2019-01-20 10:15:02.084075,-6.69,-6.5,-9999.0,-9999.0,-9999.0,-6.65,986.71,223.32,1013.25,262,252,0.03
2019-01-20 10:16:01.873200,-6.69,-6.44,-9999.0,-9999.0,-9999.0,-6.63,986.74,223.09,1013.25,261,252,0.02
2019-01-20 10:17:01.669195,-6.62,-6.44,-9999.0,-9999.0,-9999.0,-6.6,986.79,222.68,1013.25,263,255,0.03
2019-01-20 10:18:01.468729,-6.62,-6.44,-9999.0,-9999.0,-9999.0,-6.6,986.83,222.35,1013.25,262,254,0.03
2019-01-20 10:19:02.267729,-6.56,-6.44,-9999.0,-9999.0,-9999.0,-6.6,986.88,221.94,1013.25,261,253,0.02
2019-01-20 10:20:02.086643,-6.62,-6.44,-9999.0,-9999.0,-9999.0,-6.59,986.88,221.71,1013.25,261,254,0.02
2019-01-20 10:21:02.035660,-6.5,-6.44,-9999.0,-9999.0,-9999.0,-6.59,987.02,220.74,1013.25,261,253,0.02
2019-01-20 10:22:01.827363,-6.44,-6.38,-9999.0,-9999.0,-9999.0,-6.57,987.02,220.67,1013.25,262,253,0.03
2019-01-20 10:23:01.620294,-6.44,-6.38,-9999.0,-9999.0,-9999.0,-6.56,987.03,220.62,1013.25,262,255,0.03
2019-01-20 10:24:02.410924,-6.5,-6.38,-9999.0,-9999.0,-9999.0,-6.57,987.03,220.59,1013.25,262,254,0.03
2019-01-20 10:25:02.201887,-6.56,-6.31,-9999.0,-9999.0,-9999.0,-6.57,987.0,220.85,1013.25,261,254,0.02
2019-01-20 10:26:01.999375,-6.88,-6.31,-9999.0,-9999.0,-9999.0,-6.55,987.12,219.87,1013.25,261,254,0.02
2019-01-20 10:27:01.795494,-7.0,-6.31,-9999.0,-9999.0,-9999.0,-6.54,987.28,218.5,1013.25,259,254,0.01
2019-01-20 10:28:01.590126,-7.06,-6.38,-9999.0,-9999.0,-9999.0,-6.55,987.37,217.7,1013.25,262,253,0.03
2019-01-20 10:29:02.391864,-7.06,-6.31,-9999.0,-9999.0,-9999.0,-6.55,987.44,217.11,1013.25,262,254,0.03
2019-01-20 10:30:02.245824,-7.12,-6.31,-9999.0,-9999.0,-9999.0,-6.69,987.4,217.14,1013.25,261,254,0.02
2019-01-20 10:31:02.206465,-7.12,-6.31,-9999.0,-9999.0,-9999.0,-6.55,987.43,217.19,1013.25,262,254,0.03
2019-01-20 10:32:01.992538,-7.12,-6.31,-9999.0,-9999.0,-9999.0,-6.55,987.41,217.37,1013.25,260,254,0.02
2019-01-20 10:33:01.781287,-7.12,-6.31,-9999.0,-9999.0,-9999.0,-6.55,987.36,217.83,1013.25,261,253,0.02
2019-01-20 10:34:01.578618,-7.06,-6.38,-9999.0,-9999.0,-9999.0,-6.54,987.35,217.94,1013.25,262,253,0.03
2019-01-20 10:35:02.373009,-7.06,-6.31,-9999.0,-9999.0,-9999.0,-6.54,987.37,217.71,1013.25,261,254,0.02
2019-01-20 10:36:02.176513,-7.0,-6.31,-9999.0,-9999.0,-9999.0,-6.53,987.38,217.65,1013.25,262,255,0.03
2019-01-20 10:37:01.961958,-7.0,-6.25,-9999.0,-9999.0,-9999.0,-6.52,987.49,216.75,1013.25,261,254,0.02
2019-01-20 10:38:01.756032,-7.0,-6.31,-9999.0,-9999.0,-9999.0,-6.51,987.52,216.48,1013.25,261,254,0.02
2019-01-20 10:39:01.551747,-7.0,-6.25,-9999.0,-9999.0,-9999.0,-6.51,987.57,216.03,1013.25,261,253,0.02
2019-01-20 10:40:02.388994,-7.06,-6.31,-9999.0,-9999.0,-9999.0,-6.64,987.67,215.29,1013.25,262,254,0.03
2019-01-20 10:41:02.342783,-6.94,-6.31,-9999.0,-9999.0,-9999.0,-6.5,987.67,215.22,1013.25,260,254,0.02
2019-01-20 10:42:02.131336,-6.88,-6.25,-9999.0,-9999.0,-9999.0,-6.49,987.68,215.12,1013.25,261,253,0.02
2019-01-20 10:43:01.917866,-6.88,-6.25,-9999.0,-9999.0,-9999.0,-6.49,987.64,215.42,1013.25,261,254,0.02
2019-01-20 10:44:01.709502,-6.81,-6.31,-9999.0,-9999.0,-9999.0,-6.49,987.66,215.23,1013.25,261,254,0.02
2019-01-20 10:45:01.489580,-6.94,-6.31,-9999.0,-9999.0,-9999.0,-6.49,987.76,214.38,1013.25,263,254,0.03
2019-01-20 10:46:02.281494,-6.94,-6.31,-9999.0,-9999.0,-9999.0,-6.5,987.8,214.11,1013.25,261,254,0.02
2019-01-20 10:47:02.075123,-7.0,-6.31,-9999.0,-9999.0,-9999.0,-6.5,987.85,213.67,1013.25,260,254,0.02
2019-01-20 10:48:01.867784,-7.06,-6.25,-9999.0,-9999.0,-9999.0,-6.49,987.82,213.89,1013.25,261,253,0.02
2019-01-20 10:49:01.659109,-7.06,-6.31,-9999.0,-9999.0,-9999.0,-6.48,987.82,213.93,1013.25,262,255,0.03
2019-01-20 10:50:01.486961,-7.06,-6.31,-9999.0,-9999.0,-9999.0,-6.47,987.75,214.52,1013.25,261,253,0.02
2019-01-20 10:51:01.751779,-6.88,-6.25,-9999.0,-9999.0,-9999.0,-6.48,987.72,214.73,1013.25,260,253,0.02
2019-01-20 10:52:01.545203,-6.81,-6.25,-9999.0,-9999.0,-9999.0,-6.49,987.66,215.3,1013.25,261,253,0.02
2019-01-20 10:53:02.331921,-6.81,-6.31,-9999.0,-9999.0,-9999.0,-6.5,987.64,215.44,1013.25,262,254,0.03
2019-01-20 10:54:02.120483,-6.81,-6.31,-9999.0,-9999.0,-9999.0,-6.49,987.67,215.15,1013.25,262,254,0.03
2019-01-20 10:55:01.909748,-6.81,-6.31,-9999.0,-9999.0,-9999.0,-6.49,987.6,215.75,1013.25,262,253,0.03
2019-01-20 10:56:01.704175,-6.81,-6.25,-9999.0,-9999.0,-9999.0,-6.48,987.57,216.02,1013.25,260,254,0.02
2019-01-20 10:57:01.502671,-6.81,-6.31,-9999.0,-9999.0,-9999.0,-6.47,987.53,216.39,1013.25,261,253,0.02
2019-01-20 10:58:02.290035,-6.81,-6.31,-9999.0,-9999.0,-9999.0,-6.47,987.59,215.85,1013.25,260,253,0.02
2019-01-20 10:59:02.085121,-6.81,-6.31,-9999.0,-9999.0,-9999.0,-6.46,987.68,215.13,1013.25,261,254,0.02
2019-01-20 11:00:01.913720,-6.81,-6.25,-9999.0,-9999.0,-9999.0,-6.6,987.7,214.69,1013.25,261,253,0.02
2019-01-20 11:01:01.794624,-6.88,-6.25,-9999.0,-9999.0,-9999.0,-6.46,987.77,214.32,1013.25,261,253,0.02
2019-01-20 11:02:01.640102,-6.81,-6.25,-9999.0,-9999.0,-9999.0,-6.47,987.77,214.33,1013.25,260,252,0.02
2019-01-20 11:03:01.437899,-6.81,-6.31,-9999.0,-9999.0,-9999.0,-6.47,987.76,214.38,1013.25,261,252,0.02
2019-01-20 11:04:02.232227,-6.88,-6.25,-9999.0,-9999.0,-9999.0,-6.48,987.8,214.1,1013.25,263,253,0.03
2019-01-20 11:05:02.030889,-6.94,-6.31,-9999.0,-9999.0,-9999.0,-6.48,987.77,214.31,1013.25,260,254,0.02
2019-01-20 11:06:01.832792,-6.94,-6.31,-9999.0,-9999.0,-9999.0,-6.48,987.76,214.42,1013.25,261,253,0.02
2019-01-20 11:07:01.622854,-6.88,-6.31,-9999.0,-9999.0,-9999.0,-6.49,987.74,214.63,1013.25,262,253,0.03
2019-01-20 11:08:01.408765,-6.94,-6.31,-9999.0,-9999.0,-9999.0,-6.49,987.65,215.31,1013.25,262,255,0.03
2019-01-20 11:09:02.195530,-6.88,-6.31,-9999.0,-9999.0,-9999.0,-6.49,987.62,215.57,1013.25,261,252,0.02
2019-01-20 11:10:02.027755,-6.88,-6.31,-9999.0,-9999.0,-9999.0,-6.65,987.68,215.06,1013.25,260,252,0.02
2019-01-20 11:11:02.292299,-6.88,-6.31,-9999.0,-9999.0,-9999.0,-6.51,987.81,214.0,1013.25,260,252,0.02
2019-01-20 11:12:02.078187,-6.81,-6.31,-9999.0,-9999.0,-9999.0,-6.51,987.97,212.66,1013.25,261,254,0.02
2019-01-20 11:13:01.866328,-6.69,-6.31,-9999.0,-9999.0,-9999.0,-6.51,988.14,211.18,1013.25,261,253,0.02
2019-01-20 11:14:01.659604,-6.62,-6.31,-9999.0,-9999.0,-9999.0,-6.53,988.35,209.4,1013.25,262,254,0.03
2019-01-20 11:15:01.453302,-6.62,-6.31,-9999.0,-9999.0,-9999.0,-6.56,988.37,209.26,1013.25,261,253,0.02
2019-01-20 11:16:02.247462,-6.81,-6.31,-9999.0,-9999.0,-9999.0,-6.57,988.35,209.42,1013.25,262,253,0.03
2019-01-20 11:17:02.046154,-6.88,-6.31,-9999.0,-9999.0,-9999.0,-6.56,988.32,209.68,1013.25,260,253,0.02
2019-01-20 11:18:01.849381,-7.0,-6.31,-9999.0,-9999.0,-9999.0,-6.55,988.24,210.3,1013.25,261,253,0.02
2019-01-20 11:19:01.638624,-7.12,-6.31,-9999.0,-9999.0,-9999.0,-6.56,988.29,209.93,1013.25,260,254,0.02
2019-01-20 11:20:01.466270,-7.19,-6.38,-9999.0,-9999.0,-9999.0,-6.71,988.37,209.01,1013.25,260,254,0.02
2019-01-20 11:21:01.650479,-7.12,-6.38,-9999.0,-9999.0,-9999.0,-6.57,988.39,209.07,1013.25,260,253,0.02
2019-01-20 11:22:01.428514,-7.19,-6.38,-9999.0,-9999.0,-9999.0,-6.58,988.44,208.68,1013.25,262,254,0.03
2019-01-20 11:23:02.214821,-7.25,-6.38,-9999.0,-9999.0,-9999.0,-6.58,988.47,208.36,1013.25,260,252,0.02
2019-01-20 11:24:02.008226,-7.12,-6.38,-9999.0,-9999.0,-9999.0,-6.58,988.52,207.94,1013.25,262,253,0.03
2019-01-20 11:25:01.796304,-7.06,-6.44,-9999.0,-9999.0,-9999.0,-6.58,988.55,207.68,1013.25,262,254,0.03
2019-01-20 11:26:01.600034,-6.94,-6.38,-9999.0,-9999.0,-9999.0,-6.64,988.52,207.94,1013.25,264,253,0.04
2019-01-20 11:27:02.397327,-6.88,-6.38,-9999.0,-9999.0,-9999.0,-6.58,988.44,208.68,1013.25,263,254,0.03
2019-01-20 11:28:02.185014,-6.69,-6.44,-9999.0,-9999.0,-9999.0,-6.56,988.43,208.7,1013.25,261,254,0.02
2019-01-20 11:29:01.975238,-6.62,-6.44,-9999.0,-9999.0,-9999.0,-6.55,988.3,209.81,1013.25,261,253,0.02
2019-01-20 11:30:01.818793,-6.56,-6.38,-9999.0,-9999.0,-9999.0,-6.54,988.16,210.79,1013.25,261,254,0.02
2019-01-20 11:31:01.783775,-6.5,-6.31,-9999.0,-9999.0,-9999.0,-6.52,988.07,211.78,1013.25,261,253,0.02
2019-01-20 11:32:01.564656,-6.56,-6.38,-9999.0,-9999.0,-9999.0,-6.52,987.91,213.16,1013.25,261,253,0.02
2019-01-20 11:33:02.368812,-6.62,-6.38,-9999.0,-9999.0,-9999.0,-6.5,987.83,213.82,1013.25,262,252,0.03
2019-01-20 11:34:02.158129,-6.69,-6.31,-9999.0,-9999.0,-9999.0,-6.5,987.74,214.62,1013.25,260,254,0.02
2019-01-20 11:35:01.958597,-6.69,-6.38,-9999.0,-9999.0,-9999.0,-6.51,987.67,215.19,1013.25,263,254,0.03
2019-01-20 11:36:01.750714,-6.62,-6.38,-9999.0,-9999.0,-9999.0,-6.55,987.58,215.94,1013.25,261,252,0.02
2019-01-20 11:37:01.540500,-6.69,-6.44,-9999.0,-9999.0,-9999.0,-6.56,987.57,216.01,1013.25,258,254,0.01
2019-01-20 11:38:02.329681,-6.75,-6.44,-9999.0,-9999.0,-9999.0,-6.62,987.59,215.85,1013.25,261,255,0.02
2019-01-20 11:39:02.114831,-6.94,-6.38,-9999.0,-9999.0,-9999.0,-6.76,987.6,215.62,1013.25,262,253,0.03
2019-01-20 11:40:02.039905,-7.06,-6.44,-9999.0,-9999.0,-9999.0,-6.73,987.65,215.32,1013.25,261,252,0.02
2019-01-20 11:41:02.070094,-7.25,-6.38,-9999.0,-9999.0,-9999.0,-6.59,987.71,214.8,1013.25,262,255,0.03
2019-01-20 11:42:01.876345,-7.44,-6.44,-9999.0,-9999.0,-9999.0,-6.58,987.64,215.43,1013.25,260,255,0.02
2019-01-20 11:43:01.608853,-7.5,-6.38,-9999.0,-9999.0,-9999.0,-6.59,987.61,215.73,1013.25,260,254,0.02
2019-01-20 11:44:02.384700,-7.56,-6.44,-9999.0,-9999.0,-9999.0,-6.59,987.5,216.6,1013.25,260,252,0.02
2019-01-20 11:45:02.171011,-7.56,-6.44,-9999.0,-9999.0,-9999.0,-6.6,987.49,216.72,1013.25,260,253,0.02
2019-01-20 11:46:01.965260,-7.56,-6.38,-9999.0,-9999.0,-9999.0,-6.8,987.49,216.96,1013.25,262,254,0.03
2019-01-20 11:47:01.835743,-7.5,-6.44,-9999.0,-9999.0,-9999.0,-6.65,987.41,217.41,1013.25,262,253,0.03
2019-01-20 11:48:01.640186,-7.38,-6.5,-9999.0,-9999.0,-9999.0,-6.67,987.26,218.67,1013.25,261,252,0.02
2019-01-20 11:49:01.439632,-7.19,-6.5,-9999.0,-9999.0,-9999.0,-6.69,987.09,220.11,1013.25,263,253,0.03
2019-01-20 11:50:02.276639,-7.06,-6.5,-9999.0,-9999.0,-9999.0,-6.88,986.98,220.79,1013.25,261,252,0.02
2019-01-20 11:51:01.545872,-7.0,-6.5,-9999.0,-9999.0,-9999.0,-6.73,986.94,221.39,1013.25,261,254,0.02
2019-01-20 11:52:02.326718,-6.94,-6.5,-9999.0,-9999.0,-9999.0,-6.74,986.97,221.17,1013.25,261,254,0.02
2019-01-20 11:53:02.110407,-6.88,-6.56,-9999.0,-9999.0,-9999.0,-6.77,986.88,221.93,1013.25,261,254,0.02
2019-01-20 11:54:01.899035,-6.88,-6.5,-9999.0,-9999.0,-9999.0,-6.78,986.81,222.47,1013.25,260,253,0.02
2019-01-20 11:55:01.690018,-6.81,-6.56,-9999.0,-9999.0,-9999.0,-6.79,986.74,223.09,1013.25,263,254,0.03
2019-01-20 11:56:01.480581,-6.81,-6.56,-9999.0,-9999.0,-9999.0,-6.78,986.75,223.03,1013.25,261,253,0.02
2019-01-20 11:57:02.285817,-6.81,-6.5,-9999.0,-9999.0,-9999.0,-6.78,986.69,223.51,1013.25,261,252,0.02
2019-01-20 11:58:02.085850,-6.81,-6.5,-9999.0,-9999.0,-9999.0,-6.77,986.7,223.46,1013.25,261,254,0.02
2019-01-20 11:59:01.870451,-6.81,-6.56,-9999.0,-9999.0,-9999.0,-6.77,986.7,223.45,1013.25,260,253,0.02
2019-01-20 12:00:01.696905,-6.75,-6.56,-9999.0,-9999.0,-9999.0,-6.91,986.73,222.98,1013.25,261,254,0.02
2019-01-20 12:01:01.928916,-6.69,-6.5,-9999.0,-9999.0,-9999.0,-6.76,986.84,222.28,1013.25,262,252,0.03
2019-01-20 12:02:01.740206,-7.0,-6.5,-9999.0,-9999.0,-9999.0,-6.75,986.84,222.25,1013.25,262,255,0.03
2019-01-20 12:03:01.535829,-7.12,-6.5,-9999.0,-9999.0,-9999.0,-6.76,986.96,221.26,1013.25,262,254,0.03
2019-01-20 12:04:02.328988,-7.06,-6.5,-9999.0,-9999.0,-9999.0,-6.76,987.08,220.18,1013.25,260,253,0.02
2019-01-20 12:05:02.119961,-7.19,-6.56,-9999.0,-9999.0,-9999.0,-6.76,987.14,219.72,1013.25,262,254,0.03
2019-01-20 12:06:01.916575,-7.0,-6.56,-9999.0,-9999.0,-9999.0,-6.76,987.21,219.13,1013.25,261,254,0.02
2019-01-20 12:07:01.715288,-7.06,-6.5,-9999.0,-9999.0,-9999.0,-6.75,987.21,219.08,1013.25,261,253,0.02
2019-01-20 12:08:01.508410,-7.0,-6.56,-9999.0,-9999.0,-9999.0,-6.74,987.24,218.82,1013.25,260,252,0.02
2019-01-20 12:09:02.299982,-6.94,-6.5,-9999.0,-9999.0,-9999.0,-6.74,987.24,218.85,1013.25,262,254,0.03
2019-01-20 12:10:02.125247,-6.94,-6.5,-9999.0,-9999.0,-9999.0,-6.72,987.28,218.56,1013.25,261,253,0.02
2019-01-20 12:11:02.159337,-6.88,-6.44,-9999.0,-9999.0,-9999.0,-6.69,987.39,217.53,1013.25,261,254,0.02
2019-01-20 12:12:01.962853,-6.81,-6.5,-9999.0,-9999.0,-9999.0,-6.67,987.54,216.31,1013.25,260,254,0.02
2019-01-20 12:13:01.769190,-6.69,-6.44,-9999.0,-9999.0,-9999.0,-6.68,987.61,215.66,1013.25,260,253,0.02
2019-01-20 12:14:01.562800,-6.75,-6.44,-9999.0,-9999.0,-9999.0,-6.67,987.75,214.52,1013.25,260,254,0.02
2019-01-20 12:15:02.364946,-6.81,-6.44,-9999.0,-9999.0,-9999.0,-6.66,987.75,214.5,1013.25,260,253,0.02
2019-01-20 12:16:02.155967,-6.88,-6.38,-9999.0,-9999.0,-9999.0,-6.75,987.82,213.54,1013.25,259,253,0.01
2019-01-20 12:17:02.049752,-6.94,-6.44,-9999.0,-9999.0,-9999.0,-6.61,987.87,213.51,1013.25,262,254,0.03
2019-01-20 12:18:01.844637,-7.0,-6.38,-9999.0,-9999.0,-9999.0,-6.58,987.74,214.59,1013.25,261,254,0.02
2019-01-20 12:19:01.639415,-7.0,-6.38,-9999.0,-9999.0,-9999.0,-6.55,987.71,214.88,1013.25,261,253,0.02
2019-01-20 12:20:01.473028,-7.0,-6.31,-9999.0,-9999.0,-9999.0,-6.51,987.68,215.04,1013.25,261,253,0.02
2019-01-20 12:21:01.445126,-7.06,-6.31,-9999.0,-9999.0,-9999.0,-6.5,987.66,215.23,1013.25,262,253,0.03
2019-01-20 12:22:02.235087,-7.06,-6.31,-9999.0,-9999.0,-9999.0,-6.48,987.71,214.82,1013.25,261,253,0.02
2019-01-20 12:23:02.023832,-7.06,-6.31,-9999.0,-9999.0,-9999.0,-6.47,987.74,214.57,1013.25,262,255,0.03
2019-01-20 12:24:01.820510,-7.19,-6.31,-9999.0,-9999.0,-9999.0,-6.47,987.82,213.9,1013.25,261,253,0.02
2019-01-20 12:25:01.613126,-7.12,-6.31,-9999.0,-9999.0,-9999.0,-6.46,987.74,214.55,1013.25,262,253,0.03
2019-01-20 12:26:02.418871,-7.0,-6.31,-9999.0,-9999.0,-9999.0,-6.47,987.75,214.52,1013.25,261,254,0.02
2019-01-20 12:27:02.209365,-6.75,-6.31,-9999.0,-9999.0,-9999.0,-6.47,987.68,215.13,1013.25,261,254,0.02
2019-01-20 12:28:01.998902,-6.75,-6.25,-9999.0,-9999.0,-9999.0,-6.47,987.73,214.66,1013.25,260,255,0.02
2019-01-20 12:29:01.790966,-6.69,-6.25,-9999.0,-9999.0,-9999.0,-6.47,987.78,214.26,1013.25,262,254,0.03
2019-01-20 12:30:01.623303,-6.75,-6.25,-9999.0,-9999.0,-9999.0,-6.59,987.81,213.96,1013.25,261,252,0.02
2019-01-20 12:31:01.716494,-6.69,-6.31,-9999.0,-9999.0,-9999.0,-6.44,987.78,214.27,1013.25,261,252,0.02
2019-01-20 12:32:01.490680,-6.69,-6.25,-9999.0,-9999.0,-9999.0,-6.44,987.85,213.67,1013.25,262,252,0.03
2019-01-20 12:33:02.280319,-6.62,-6.19,-9999.0,-9999.0,-9999.0,-6.42,987.9,213.24,1013.25,260,254,0.02
2019-01-20 12:34:02.068830,-6.62,-6.19,-9999.0,-9999.0,-9999.0,-6.42,988.01,212.33,1013.25,262,253,0.03
2019-01-20 12:35:01.859824,-6.56,-6.19,-9999.0,-9999.0,-9999.0,-6.41,988.04,212.04,1013.25,260,253,0.02
2019-01-20 12:36:01.661702,-6.75,-6.19,-9999.0,-9999.0,-9999.0,-6.41,988.09,211.61,1013.25,262,253,0.03
2019-01-20 12:37:01.456016,-6.88,-6.25,-9999.0,-9999.0,-9999.0,-6.41,988.12,211.39,1013.25,262,253,0.03
2019-01-20 12:38:02.251794,-6.94,-6.25,-9999.0,-9999.0,-9999.0,-6.42,988.14,211.15,1013.25,262,253,0.03
2019-01-20 12:39:02.045742,-6.94,-6.19,-9999.0,-9999.0,-9999.0,-6.43,988.12,211.34,1013.25,261,254,0.02
2019-01-20 12:40:01.880712,-6.88,-6.25,-9999.0,-9999.0,-9999.0,-6.43,988.13,211.16,1013.25,261,254,0.02
2019-01-20 12:41:01.936202,-6.94,-6.19,-9999.0,-9999.0,-9999.0,-6.44,988.05,211.92,1013.25,262,255,0.03
2019-01-20 12:42:01.739564,-6.88,-6.19,-9999.0,-9999.0,-9999.0,-6.44,987.96,212.74,1013.25,261,253,0.02
2019-01-20 12:43:01.534254,-6.75,-6.12,-9999.0,-9999.0,-9999.0,-6.42,987.9,213.27,1013.25,260,255,0.02
2019-01-20 12:44:02.317376,-6.75,-6.19,-9999.0,-9999.0,-9999.0,-6.42,987.81,214.03,1013.25,262,253,0.03
2019-01-20 12:45:02.101863,-6.75,-6.19,-9999.0,-9999.0,-9999.0,-6.38,987.85,213.65,1013.25,261,253,0.02
2019-01-20 12:46:01.890224,-6.75,-6.19,-9999.0,-9999.0,-9999.0,-6.37,987.92,213.04,1013.25,261,253,0.02
2019-01-20 12:47:01.676125,-6.75,-6.19,-9999.0,-9999.0,-9999.0,-6.37,988.04,212.05,1013.25,261,254,0.02
2019-01-20 12:48:01.462991,-6.81,-6.12,-9999.0,-9999.0,-9999.0,-6.35,988.05,211.94,1013.25,260,254,0.02
2019-01-20 12:49:02.255636,-6.88,-6.19,-9999.0,-9999.0,-9999.0,-6.34,988.02,212.19,1013.25,262,254,0.03
2019-01-20 12:50:02.107948,-6.94,-6.12,-9999.0,-9999.0,-9999.0,-6.48,988.01,212.3,1013.25,261,253,0.02
2019-01-20 12:51:02.343839,-6.88,-6.12,-9999.0,-9999.0,-9999.0,-6.33,987.92,213.08,1013.25,262,254,0.03
2019-01-20 12:52:02.137968,-6.94,-6.12,-9999.0,-9999.0,-9999.0,-6.32,987.93,213.01,1013.25,262,254,0.03
2019-01-20 12:53:01.929616,-7.0,-6.12,-9999.0,-9999.0,-9999.0,-6.3,988.0,212.39,1013.25,262,253,0.03
2019-01-20 12:54:01.722756,-6.94,-6.12,-9999.0,-9999.0,-9999.0,-6.3,988.02,212.22,1013.25,261,253,0.02
2019-01-20 12:55:01.513747,-6.94,-6.12,-9999.0,-9999.0,-9999.0,-6.31,988.04,212.05,1013.25,261,254,0.02
2019-01-20 12:56:02.307060,-6.94,-6.06,-9999.0,-9999.0,-9999.0,-6.3,988.04,212.01,1013.25,262,255,0.03
2019-01-20 12:57:02.102216,-6.81,-6.12,-9999.0,-9999.0,-9999.0,-6.31,988.07,211.79,1013.25,261,254,0.02
2019-01-20 12:58:01.898365,-6.81,-6.12,-9999.0,-9999.0,-9999.0,-6.32,988.01,212.3,1013.25,262,253,0.03
2019-01-20 12:59:01.690698,-6.81,-6.12,-9999.0,-9999.0,-9999.0,-6.31,988.05,211.92,1013.25,261,254,0.02
2019-01-20 13:00:01.519727,-6.88,-6.06,-9999.0,-9999.0,-9999.0,-6.29,987.97,212.67,1013.25,262,252,0.03
2019-01-20 13:01:01.669874,-6.94,-6.06,-9999.0,-9999.0,-9999.0,-6.27,987.96,212.73,1013.25,261,253,0.02
2019-01-20 13:02:01.474383,-7.0,-6.12,-9999.0,-9999.0,-9999.0,-6.26,987.98,212.52,1013.25,262,254,0.03
2019-01-20 13:03:02.267822,-6.94,-6.06,-9999.0,-9999.0,-9999.0,-6.25,987.91,213.15,1013.25,260,255,0.02
2019-01-20 13:04:02.059744,-6.94,-6.0,-9999.0,-9999.0,-9999.0,-6.25,987.88,213.39,1013.25,261,253,0.02
2019-01-20 13:05:01.862048,-6.94,-6.06,-9999.0,-9999.0,-9999.0,-6.24,987.84,213.7,1013.25,261,255,0.02
2019-01-20 13:06:01.636375,-6.94,-6.06,-9999.0,-9999.0,-9999.0,-6.25,987.84,213.72,1013.25,261,252,0.02
2019-01-20 13:07:01.432574,-6.81,-6.0,-9999.0,-9999.0,-9999.0,-6.24,987.8,214.09,1013.25,261,253,0.02
2019-01-20 13:08:02.231184,-6.88,-6.06,-9999.0,-9999.0,-9999.0,-6.24,987.74,214.55,1013.25,261,254,0.02
2019-01-20 13:09:02.025233,-6.94,-6.06,-9999.0,-9999.0,-9999.0,-6.24,987.77,214.3,1013.25,261,253,0.02
2019-01-20 13:10:01.873146,-6.81,-6.06,-9999.0,-9999.0,-9999.0,-6.38,987.75,214.58,1013.25,260,255,0.02
2019-01-20 13:11:01.909713,-6.88,-6.0,-9999.0,-9999.0,-9999.0,-6.23,987.79,214.12,1013.25,262,255,0.03
2019-01-20 13:12:01.702896,-6.81,-6.06,-9999.0,-9999.0,-9999.0,-6.24,987.83,213.85,1013.25,261,255,0.02
2019-01-20 13:13:01.502228,-6.81,-6.0,-9999.0,-9999.0,-9999.0,-6.24,987.83,213.81,1013.25,260,257,0.02
2019-01-20 13:14:02.310578,-6.81,-6.06,-9999.0,-9999.0,-9999.0,-6.24,987.81,214.0,1013.25,262,256,0.03
2019-01-20 13:15:02.104377,-6.75,-6.0,-9999.0,-9999.0,-9999.0,-6.24,987.79,214.19,1013.25,263,258,0.03
2019-01-20 13:16:01.891942,-6.75,-6.06,-9999.0,-9999.0,-9999.0,-6.23,987.68,215.08,1013.25,261,259,0.02
2019-01-20 13:17:01.687963,-6.56,-6.0,-9999.0,-9999.0,-9999.0,-6.23,987.65,215.39,1013.25,261,262,0.02
2019-01-20 13:18:01.484103,-6.5,-6.0,-9999.0,-9999.0,-9999.0,-6.25,987.69,215.02,1013.25,263,263,0.03
2019-01-20 13:19:02.279056,-6.75,-6.06,-9999.0,-9999.0,-9999.0,-6.27,987.63,215.5,1013.25,262,266,0.03
2019-01-20 13:20:02.115261,-6.69,-6.06,-9999.0,-9999.0,-9999.0,-6.28,987.71,214.82,1013.25,261,268,0.02
2019-01-20 13:21:02.167033,-6.75,-6.06,-9999.0,-9999.0,-9999.0,-6.29,987.76,214.44,1013.25,261,274,0.02
2019-01-20 13:22:01.956322,-6.75,-6.06,-9999.0,-9999.0,-9999.0,-6.3,987.77,214.32,1013.25,263,276,0.03
2019-01-20 13:23:01.741786,-6.69,-6.06,-9999.0,-9999.0,-9999.0,-6.3,987.8,214.1,1013.25,262,282,0.03
2019-01-20 13:24:01.534767,-6.75,-6.06,-9999.0,-9999.0,-9999.0,-6.3,987.77,214.34,1013.25,263,286,0.03
2019-01-20 13:25:02.327368,-6.69,-6.0,-9999.0,-9999.0,-9999.0,-6.29,987.8,214.08,1013.25,264,289,0.04
2019-01-20 13:26:02.121574,-6.69,-6.0,-9999.0,-9999.0,-9999.0,-6.29,987.82,213.91,1013.25,264,292,0.04
2019-01-20 13:27:01.918721,-6.81,-6.06,-9999.0,-9999.0,-9999.0,-6.28,987.87,213.51,1013.25,264,295,0.04
2019-01-20 13:28:01.710186,-6.81,-6.06,-9999.0,-9999.0,-9999.0,-6.27,987.84,213.76,1013.25,264,299,0.04
2019-01-20 13:29:01.502915,-6.69,-6.0,-9999.0,-9999.0,-9999.0,-6.25,987.8,214.08,1013.25,264,300,0.04
2019-01-20 13:30:02.349044,-6.75,-6.0,-9999.0,-9999.0,-9999.0,-6.36,987.79,214.06,1013.25,265,303,0.04
2019-01-20 13:31:01.489261,-6.75,-6.0,-9999.0,-9999.0,-9999.0,-6.22,987.72,214.77,1013.25,264,304,0.04
2019-01-20 13:32:02.279056,-6.75,-5.94,-9999.0,-9999.0,-9999.0,-6.21,987.68,215.1,1013.25,266,304,0.05
2019-01-20 13:33:02.075705,-6.75,-5.94,-9999.0,-9999.0,-9999.0,-6.21,987.67,215.19,1013.25,266,304,0.05
2019-01-20 13:34:01.867239,-6.69,-5.94,-9999.0,-9999.0,-9999.0,-6.21,987.61,215.69,1013.25,268,306,0.06
2019-01-20 13:35:01.660944,-6.75,-5.94,-9999.0,-9999.0,-9999.0,-6.21,987.56,216.16,1013.25,267,308,0.05
2019-01-20 13:36:01.467915,-6.81,-5.94,-9999.0,-9999.0,-9999.0,-6.21,987.59,215.86,1013.25,268,314,0.06
2019-01-20 13:37:02.267576,-6.88,-6.0,-9999.0,-9999.0,-9999.0,-6.21,987.58,215.91,1013.25,268,320,0.06
2019-01-20 13:38:02.068416,-6.81,-6.0,-9999.0,-9999.0,-9999.0,-6.21,987.6,215.75,1013.25,267,328,0.05
2019-01-20 13:39:01.852384,-6.88,-5.94,-9999.0,-9999.0,-9999.0,-6.22,987.64,215.46,1013.25,271,334,0.08
2019-01-20 13:40:01.680223,-6.88,-6.0,-9999.0,-9999.0,-9999.0,-6.22,987.6,215.34,1013.25,271,341,0.08
2019-01-20 13:41:01.644513,-6.88,-5.94,-9999.0,-9999.0,-9999.0,-6.2,987.61,215.7,1013.25,271,349,0.08
2019-01-20 13:42:01.436255,-6.75,-5.94,-9999.0,-9999.0,-9999.0,-6.19,987.67,215.15,1013.25,274,371,0.09
2019-01-20 13:43:02.223928,-6.56,-5.88,-9999.0,-9999.0,-9999.0,-6.19,987.66,215.23,1013.25,275,406,0.1
2019-01-20 13:44:02.015054,-6.62,-5.94,-9999.0,-9999.0,-9999.0,-6.19,987.63,215.56,1013.25,276,426,0.1
2019-01-20 13:45:01.805541,-6.56,-5.94,-9999.0,-9999.0,-9999.0,-6.18,987.56,216.12,1013.25,277,438,0.11
2019-01-20 13:46:01.603089,-6.5,-5.88,-9999.0,-9999.0,-9999.0,-6.14,987.53,216.39,1013.25,278,450,0.11
2019-01-20 13:47:02.394666,-6.56,-5.81,-9999.0,-9999.0,-9999.0,-6.08,987.49,216.7,1013.25,280,461,0.12
2019-01-20 13:48:02.187091,-6.56,-5.81,-9999.0,-9999.0,-9999.0,-6.02,987.49,216.67,1013.25,281,467,0.13
2019-01-20 13:49:01.984217,-6.5,-5.69,-9999.0,-9999.0,-9999.0,-5.96,987.47,216.84,1013.25,282,468,0.13
2019-01-20 13:50:01.811881,-6.5,-5.69,-9999.0,-9999.0,-9999.0,-5.95,987.4,217.45,1013.25,285,481,0.15
2019-01-20 13:51:01.843119,-6.5,-5.62,-9999.0,-9999.0,-9999.0,-5.8,987.43,217.25,1013.25,285,499,0.15
2019-01-20 13:52:01.660864,-6.44,-5.56,-9999.0,-9999.0,-9999.0,-5.71,987.4,217.48,1013.25,288,509,0.17
2019-01-20 13:53:01.448482,-6.31,-5.44,-9999.0,-9999.0,-9999.0,-5.64,987.41,217.4,1013.25,289,535,0.17
2019-01-20 13:54:02.241321,-6.25,-5.44,-9999.0,-9999.0,-9999.0,-5.56,987.46,217.0,1013.25,292,559,0.19
2019-01-20 13:55:02.024740,-6.12,-5.38,-9999.0,-9999.0,-9999.0,-5.49,987.45,217.09,1013.25,292,578,0.19
2019-01-20 13:56:01.812280,-6.06,-5.31,-9999.0,-9999.0,-9999.0,-5.4,987.51,216.54,1013.25,294,607,0.2
2019-01-20 13:57:01.601957,-5.88,-5.25,-9999.0,-9999.0,-9999.0,-5.32,987.51,216.58,1013.25,296,633,0.21
2019-01-20 13:58:02.392512,-5.81,-5.12,-9999.0,-9999.0,-9999.0,-5.24,987.55,216.2,1013.25,298,644,0.22
2019-01-20 13:59:02.189297,-5.69,-5.06,-9999.0,-9999.0,-9999.0,-5.12,987.62,215.63,1013.25,300,657,0.23
2019-01-20 14:00:02.032967,-5.5,-4.94,-9999.0,-9999.0,-9999.0,-5.04,987.68,214.95,1013.25,303,705,0.25
2019-01-20 14:01:02.159267,-5.31,-4.88,-9999.0,-9999.0,-9999.0,-4.9,987.72,214.78,1013.25,306,726,0.26
2019-01-20 14:02:01.959962,-5.19,-4.88,-9999.0,-9999.0,-9999.0,-4.76,987.78,214.25,1013.25,307,736,0.27
2019-01-20 14:03:01.761063,-5.25,-4.75,-9999.0,-9999.0,-9999.0,-4.6,987.78,214.25,1013.25,306,721,0.26
2019-01-20 14:04:01.553621,-5.31,-4.56,-9999.0,-9999.0,-9999.0,-4.43,987.81,214.02,1013.25,310,759,0.28
2019-01-20 14:05:02.346890,-5.19,-4.44,-9999.0,-9999.0,-9999.0,-4.27,987.82,213.88,1013.25,315,809,0.31
2019-01-20 14:06:02.144252,-5.06,-4.25,-9999.0,-9999.0,-9999.0,-4.12,987.8,214.12,1013.25,316,833,0.32
2019-01-20 14:07:01.936104,-4.88,-4.25,-9999.0,-9999.0,-9999.0,-3.97,987.92,213.07,1013.25,318,857,0.33
2019-01-20 14:08:01.727137,-4.94,-4.06,-9999.0,-9999.0,-9999.0,-3.8,987.85,213.66,1013.25,321,884,0.34
2019-01-20 14:09:01.523004,-4.94,-3.88,-9999.0,-9999.0,-9999.0,-3.62,987.87,213.46,1013.25,322,890,0.35
2019-01-20 14:10:02.352184,-4.94,-3.69,-9999.0,-9999.0,-9999.0,-3.45,987.91,212.78,1013.25,325,935,0.36
2019-01-20 14:11:02.399045,-5.06,-3.56,-9999.0,-9999.0,-9999.0,-3.28,987.95,212.82,1013.25,328,969,0.38
2019-01-20 14:12:02.202780,-4.94,-3.38,-9999.0,-9999.0,-9999.0,-3.09,987.85,213.65,1013.25,331,1000,0.4
2019-01-20 14:13:02.008534,-4.88,-3.19,-9999.0,-9999.0,-9999.0,-2.92,987.89,213.34,1013.25,334,1033,0.41
2019-01-20 14:14:01.799926,-4.56,-3.0,-9999.0,-9999.0,-9999.0,-2.74,987.94,212.86,1013.25,337,1052,0.43
2019-01-20 14:15:01.591835,-4.62,-2.88,-9999.0,-9999.0,-9999.0,-2.57,987.99,212.49,1013.25,338,1086,0.43
2019-01-20 14:16:02.386829,-4.56,-2.75,-9999.0,-9999.0,-9999.0,-2.39,987.97,212.63,1013.25,344,1130,0.47
2019-01-20 14:17:02.193350,-4.38,-2.56,-9999.0,-9999.0,-9999.0,-2.21,988.01,212.29,1013.25,346,1167,0.48
2019-01-20 14:18:01.986724,-4.38,-2.38,-9999.0,-9999.0,-9999.0,-2.02,987.86,213.59,1013.25,348,1202,0.49
2019-01-20 14:19:01.773229,-4.56,-2.25,-9999.0,-9999.0,-9999.0,-1.85,987.87,213.45,1013.25,352,1232,0.51
2019-01-20 14:20:01.604424,-4.38,-2.06,-9999.0,-9999.0,-9999.0,-1.67,987.88,213.26,1013.25,356,1260,0.53
2019-01-20 14:21:01.663902,-4.5,-1.88,-9999.0,-9999.0,-9999.0,-1.49,987.84,213.7,1013.25,358,1292,0.54
2019-01-20 14:22:01.451500,-4.25,-1.81,-9999.0,-9999.0,-9999.0,-1.3,987.82,213.92,1013.25,359,1324,0.55
2019-01-20 14:23:02.248706,-4.25,-1.56,-9999.0,-9999.0,-9999.0,-1.13,987.84,213.77,1013.25,362,1350,0.56
2019-01-20 14:24:02.047094,-4.0,-1.44,-9999.0,-9999.0,-9999.0,-0.96,987.83,213.84,1013.25,365,1361,0.58
2019-01-20 14:25:01.836881,-4.12,-1.31,-9999.0,-9999.0,-9999.0,-0.8,987.85,213.67,1013.25,365,1358,0.58
2019-01-20 14:26:01.632859,-4.19,-1.12,-9999.0,-9999.0,-9999.0,-0.65,987.88,213.4,1013.25,367,1379,0.59
2019-01-20 14:27:01.424978,-4.19,-1.0,-9999.0,-9999.0,-9999.0,-0.53,987.77,214.33,1013.25,367,1372,0.59
2019-01-20 14:28:02.218652,-4.25,-0.94,-9999.0,-9999.0,-9999.0,-0.42,987.79,214.19,1013.25,368,1351,0.6
2019-01-20 14:29:02.009997,-4.19,-0.75,-9999.0,-9999.0,-9999.0,-0.31,987.8,214.08,1013.25,373,1437,0.62
2019-01-20 14:30:01.855724,-4.25,-0.69,-9999.0,-9999.0,-9999.0,-0.28,987.83,213.84,1013.25,381,1539,0.66
2019-01-20 14:31:01.818244,-4.19,-0.56,-9999.0,-9999.0,-9999.0,-0.14,987.87,213.5,1013.25,386,1592,0.69
2019-01-20 14:32:01.608011,-4.12,-0.5,-9999.0,-9999.0,-9999.0,-0.03,987.87,213.45,1013.25,381,1498,0.66
2019-01-20 14:33:02.398211,-4.06,-0.38,-9999.0,-9999.0,-9999.0,0.07,987.89,213.28,1013.25,385,1524,0.69
2019-01-20 14:34:02.190780,-3.88,-0.25,-9999.0,-9999.0,-9999.0,0.17,987.94,212.86,1013.25,399,1709,0.76
2019-01-20 14:35:01.986308,-3.81,-0.12,-9999.0,-9999.0,-9999.0,0.28,988.0,212.39,1013.25,398,1657,0.76
2019-01-20 14:36:01.784104,-3.81,-0.06,-9999.0,-9999.0,-9999.0,0.36,988.01,212.31,1013.25,407,1784,0.8
2019-01-20 14:37:01.575188,-3.75,0.06,-9999.0,-9999.0,-9999.0,0.45,988.06,211.84,1013.25,413,1821,0.84
2019-01-20 14:38:02.369570,-3.81,0.12,-9999.0,-9999.0,-9999.0,0.53,988.06,211.85,1013.25,416,1881,0.85
2019-01-20 14:39:02.173791,-3.88,0.19,-9999.0,-9999.0,-9999.0,0.63,988.07,211.8,1013.25,421,1936,0.88
2019-01-20 14:40:02.003162,-3.94,0.31,-9999.0,-9999.0,-9999.0,0.71,988.09,211.37,1013.25,430,2034,0.93
2019-01-20 14:41:02.032534,-3.81,0.44,-9999.0,-9999.0,-9999.0,0.79,988.05,211.92,1013.25,435,2078,0.95
2019-01-20 14:42:01.835555,-3.81,0.5,-9999.0,-9999.0,-9999.0,0.86,988.05,211.91,1013.25,442,2174,0.99
2019-01-20 14:43:01.632886,-3.69,0.56,-9999.0,-9999.0,-9999.0,0.93,988.03,212.12,1013.25,430,2007,0.93
2019-01-20 14:44:01.430614,-3.88,0.69,-9999.0,-9999.0,-9999.0,1.01,988.03,212.13,1013.25,434,2026,0.95
2019-01-20 14:45:02.231991,-3.75,0.69,-9999.0,-9999.0,-9999.0,1.1,988.0,212.34,1013.25,432,1996,0.94
2019-01-20 14:46:02.026445,-4.06,0.75,-9999.0,-9999.0,-9999.0,1.15,988.0,212.37,1013.25,455,2305,1.06
2019-01-20 14:47:01.827665,-4.0,0.75,-9999.0,-9999.0,-9999.0,1.18,988.08,211.71,1013.25,437,2073,0.96
2019-01-20 14:48:01.619212,-3.94,0.69,-9999.0,-9999.0,-9999.0,1.17,988.15,211.11,1013.25,431,1995,0.93
2019-01-20 14:49:02.410138,-4.12,0.62,-9999.0,-9999.0,-9999.0,1.15,988.18,210.81,1013.25,427,1909,0.91
2019-01-20 14:50:02.245081,-4.06,0.62,-9999.0,-9999.0,-9999.0,0.86,988.26,210.43,1013.25,438,2072,0.97
2019-01-20 14:51:02.395847,-4.12,0.5,-9999.0,-9999.0,-9999.0,1.0,988.27,210.1,1013.25,443,2111,1.0
2019-01-20 14:52:02.188587,-4.0,0.5,-9999.0,-9999.0,-9999.0,0.93,988.25,210.24,1013.25,444,2110,1.0
2019-01-20 14:53:01.979906,-3.81,0.44,-9999.0,-9999.0,-9999.0,0.9,988.25,210.28,1013.25,437,2047,0.96
2019-01-20 14:54:01.780107,-3.94,0.44,-9999.0,-9999.0,-9999.0,0.87,988.22,210.49,1013.25,439,2049,0.98
2019-01-20 14:55:01.567466,-4.12,0.25,-9999.0,-9999.0,-9999.0,0.83,988.18,210.81,1013.25,438,2026,0.97
2019-01-20 14:56:02.359632,-3.94,0.25,-9999.0,-9999.0,-9999.0,0.77,988.2,210.64,1013.25,439,2026,0.98
2019-01-20 14:57:02.158136,-3.88,0.31,-9999.0,-9999.0,-9999.0,0.7,988.25,210.29,1013.25,438,2032,0.97
2019-01-20 14:58:01.952149,-3.88,0.25,-9999.0,-9999.0,-9999.0,0.67,988.28,209.97,1013.25,445,2104,1.01
2019-01-20 14:59:01.747998,-3.81,0.25,-9999.0,-9999.0,-9999.0,0.65,988.32,209.66,1013.25,462,2286,1.1
2019-01-20 15:00:01.576045,-3.62,0.38,-9999.0,-9999.0,-9999.0,0.65,988.33,209.58,1013.25,463,2309,1.1
2019-01-20 15:01:01.640907,-3.5,0.38,-9999.0,-9999.0,-9999.0,0.67,988.37,209.28,1013.25,463,2287,1.1
2019-01-20 15:02:01.429797,-3.56,0.38,-9999.0,-9999.0,-9999.0,0.68,988.39,209.04,1013.25,467,2320,1.13
2019-01-20 15:03:02.222333,-3.75,0.38,-9999.0,-9999.0,-9999.0,0.69,988.43,208.71,1013.25,476,2435,1.17
2019-01-20 15:04:02.028688,-3.75,0.25,-9999.0,-9999.0,-9999.0,0.7,988.49,208.22,1013.25,476,2433,1.17
2019-01-20 15:05:01.814244,-3.56,0.31,-9999.0,-9999.0,-9999.0,0.73,988.52,208.0,1013.25,492,2602,1.26
2019-01-20 15:06:01.615289,-3.38,0.25,-9999.0,-9999.0,-9999.0,0.73,988.48,208.27,1013.25,497,2672,1.29
2019-01-20 15:07:01.404976,-3.31,0.25,-9999.0,-9999.0,-9999.0,0.73,988.45,208.52,1013.25,500,2700,1.3
2019-01-20 15:08:02.207103,-3.12,0.31,-9999.0,-9999.0,-9999.0,0.75,988.45,208.53,1013.25,495,2603,1.28
2019-01-20 15:09:01.992253,-3.0,0.31,-9999.0,-9999.0,-9999.0,0.78,988.37,209.21,1013.25,497,2647,1.29
2019-01-20 15:10:01.822199,-3.19,0.44,-9999.0,-9999.0,-9999.0,0.82,988.36,209.23,1013.25,499,2669,1.3
2019-01-20 15:11:01.876495,-3.5,0.38,-9999.0,-9999.0,-9999.0,0.91,988.4,208.94,1013.25,514,2819,1.38
2019-01-20 15:12:01.678754,-3.31,0.44,-9999.0,-9999.0,-9999.0,0.94,988.42,208.84,1013.25,509,2738,1.35
2019-01-20 15:13:01.479380,-3.19,0.5,-9999.0,-9999.0,-9999.0,0.99,988.37,209.26,1013.25,500,2601,1.3
2019-01-20 15:14:02.263287,-3.38,0.5,-9999.0,-9999.0,-9999.0,1.03,988.34,209.5,1013.25,512,2774,1.37
2019-01-20 15:15:02.054060,-3.25,0.56,-9999.0,-9999.0,-9999.0,1.03,988.37,209.24,1013.25,512,2761,1.37
2019-01-20 15:16:01.845687,-3.19,0.5,-9999.0,-9999.0,-9999.0,1.04,988.41,208.87,1013.25,523,2915,1.43
2019-01-20 15:17:01.632630,-3.12,0.44,-9999.0,-9999.0,-9999.0,0.99,988.42,208.83,1013.25,528,2945,1.45
2019-01-20 15:18:01.440192,-2.94,0.5,-9999.0,-9999.0,-9999.0,0.94,988.44,208.67,1013.25,532,2976,1.47
2019-01-20 15:19:02.235508,-2.94,0.62,-9999.0,-9999.0,-9999.0,0.99,988.48,208.27,1013.25,543,3140,1.53
2019-01-20 15:20:02.063349,-3.0,0.69,-9999.0,-9999.0,-9999.0,0.97,988.53,207.67,1013.25,522,2868,1.42
2019-01-20 15:21:02.149283,-3.0,0.69,-9999.0,-9999.0,-9999.0,1.11,988.57,207.76,1013.25,517,2820,1.39
2019-01-20 15:22:02.017211,-2.94,0.75,-9999.0,-9999.0,-9999.0,1.12,988.54,207.77,1013.25,507,2688,1.34
2019-01-20 15:23:01.813488,-2.88,0.81,-9999.0,-9999.0,-9999.0,1.16,988.49,208.25,1013.25,496,2527,1.28
2019-01-20 15:24:01.610191,-2.88,0.88,-9999.0,-9999.0,-9999.0,1.18,988.4,208.99,1013.25,507,2669,1.34
2019-01-20 15:25:02.408376,-3.0,0.94,-9999.0,-9999.0,-9999.0,1.23,988.39,209.06,1013.25,509,2685,1.35
2019-01-20 15:26:02.205203,-2.94,1.0,-9999.0,-9999.0,-9999.0,1.3,988.39,209.09,1013.25,518,2787,1.4
2019-01-20 15:27:02.002606,-2.88,1.06,-9999.0,-9999.0,-9999.0,1.37,988.41,208.9,1013.25,527,2864,1.45
2019-01-20 15:28:01.794199,-2.94,1.06,-9999.0,-9999.0,-9999.0,1.32,988.38,209.13,1013.25,527,2870,1.45
2019-01-20 15:29:01.585729,-2.81,1.12,-9999.0,-9999.0,-9999.0,1.33,988.33,209.56,1013.25,566,3309,1.66
2019-01-20 15:30:02.431895,-2.81,1.12,-9999.0,-9999.0,-9999.0,1.23,988.37,208.91,1013.25,564,3285,1.65
2019-01-20 15:31:01.557543,-2.62,1.19,-9999.0,-9999.0,-9999.0,1.37,988.37,209.26,1013.25,581,3473,1.74
2019-01-20 15:32:02.356500,-2.62,1.25,-9999.0,-9999.0,-9999.0,1.4,988.34,209.51,1013.25,582,3481,1.74
2019-01-20 15:33:02.144459,-2.5,1.38,-9999.0,-9999.0,-9999.0,1.45,988.33,209.59,1013.25,555,3162,1.6
2019-01-20 15:34:01.944140,-2.62,1.44,-9999.0,-9999.0,-9999.0,1.52,988.26,210.19,1013.25,605,3727,1.86
2019-01-20 15:35:01.736916,-2.62,1.44,-9999.0,-9999.0,-9999.0,1.62,988.22,210.54,1013.25,596,3624,1.82
2019-01-20 15:36:01.522309,-2.56,1.56,-9999.0,-9999.0,-9999.0,1.69,988.16,211.02,1013.25,587,3518,1.77
2019-01-20 15:37:02.342992,-2.44,1.62,-9999.0,-9999.0,-9999.0,1.75,988.19,210.73,1013.25,571,3333,1.68
2019-01-20 15:38:02.161851,-2.31,1.75,-9999.0,-9999.0,-9999.0,1.83,988.24,210.34,1013.25,561,3220,1.63
2019-01-20 15:39:01.948461,-2.44,1.81,-9999.0,-9999.0,-9999.0,1.91,988.19,210.78,1013.25,540,2972,1.52
2019-01-20 15:40:01.798773,-2.69,1.88,-9999.0,-9999.0,-9999.0,1.93,988.22,210.52,1013.25,538,2951,1.51
2019-01-20 15:41:01.829142,-2.5,2.0,-9999.0,-9999.0,-9999.0,2.07,988.14,211.17,1013.25,545,3016,1.54
2019-01-20 15:42:01.603110,-2.5,2.0,-9999.0,-9999.0,-9999.0,2.14,988.08,211.66,1013.25,555,3138,1.6
2019-01-20 15:43:02.390243,-2.31,2.12,-9999.0,-9999.0,-9999.0,2.22,988.1,211.51,1013.25,567,3265,1.66
2019-01-20 15:44:02.191008,-2.31,2.19,-9999.0,-9999.0,-9999.0,2.29,988.1,211.55,1013.25,569,3264,1.67
2019-01-20 15:45:01.986086,-2.31,2.25,-9999.0,-9999.0,-9999.0,2.39,988.07,211.78,1013.25,576,3341,1.71
2019-01-20 15:46:01.804148,-2.38,2.31,-9999.0,-9999.0,-9999.0,2.42,988.03,212.12,1013.25,585,3441,1.76
2019-01-20 15:47:01.610036,-2.25,2.38,-9999.0,-9999.0,-9999.0,2.44,987.94,212.88,1013.25,589,3495,1.78
2019-01-20 15:48:02.413684,-1.62,2.38,-9999.0,-9999.0,-9999.0,2.51,987.98,212.53,1013.25,618,3805,1.93
2019-01-20 15:49:02.215976,-1.69,2.44,-9999.0,-9999.0,-9999.0,2.58,987.95,212.83,1013.25,609,3719,1.89
2019-01-20 15:50:02.043577,-2.19,2.56,-9999.0,-9999.0,-9999.0,2.56,988.0,212.47,1013.25,622,3853,1.96
2019-01-20 15:51:02.187579,-2.0,2.62,-9999.0,-9999.0,-9999.0,2.71,987.97,212.59,1013.25,616,3774,1.92
2019-01-20 15:52:01.984600,-2.06,2.69,-9999.0,-9999.0,-9999.0,2.8,988.0,212.4,1013.25,616,3791,1.92
2019-01-20 15:53:01.777538,-2.0,2.75,-9999.0,-9999.0,-9999.0,2.88,988.0,212.34,1013.25,620,3837,1.95
2019-01-20 15:54:01.568981,-1.94,2.75,-9999.0,-9999.0,-9999.0,2.95,987.96,212.69,1013.25,622,3849,1.96
2019-01-20 15:55:02.360190,-1.81,2.88,-9999.0,-9999.0,-9999.0,3.04,987.91,213.16,1013.25,601,3630,1.84
2019-01-20 15:56:02.153947,-2.12,2.88,-9999.0,-9999.0,-9999.0,3.09,987.89,213.3,1013.25,597,3575,1.82
2019-01-20 15:57:01.945008,-2.12,2.88,-9999.0,-9999.0,-9999.0,3.11,987.92,213.08,1013.25,588,3488,1.77
2019-01-20 15:58:01.748684,-1.94,2.94,-9999.0,-9999.0,-9999.0,3.12,987.93,213.01,1013.25,586,3454,1.76
2019-01-20 15:59:01.535013,-2.0,3.0,-9999.0,-9999.0,-9999.0,3.15,987.93,212.94,1013.25,575,3348,1.7
2019-01-20 16:00:02.378994,-2.12,3.0,-9999.0,-9999.0,-9999.0,3.05,987.93,212.94,1013.25,567,3249,1.66
2019-01-20 16:01:01.417459,-2.0,3.06,-9999.0,-9999.0,-9999.0,3.2,987.95,212.79,1013.25,573,3312,1.69
2019-01-20 16:02:02.203627,-2.0,3.0,-9999.0,-9999.0,-9999.0,3.21,987.98,212.52,1013.25,586,3439,1.76
2019-01-20 16:03:01.992311,-2.06,3.06,-9999.0,-9999.0,-9999.0,3.17,987.98,212.52,1013.25,593,3516,1.8
2019-01-20 16:04:01.780632,-2.12,3.06,-9999.0,-9999.0,-9999.0,3.16,987.98,212.57,1013.25,608,3697,1.88
2019-01-20 16:05:01.582779,-1.62,3.06,-9999.0,-9999.0,-9999.0,3.17,988.04,212.08,1013.25,629,3908,1.99
2019-01-20 16:06:02.375377,-1.44,3.12,-9999.0,-9999.0,-9999.0,3.13,987.96,212.12,1013.25,620,3818,1.95
2019-01-20 16:07:02.255399,-1.75,3.12,-9999.0,-9999.0,-9999.0,3.27,988.04,212.06,1013.25,620,3798,1.95
2019-01-20 16:08:02.049495,-1.38,3.19,-9999.0,-9999.0,-9999.0,3.33,988.04,212.08,1013.25,625,3866,1.97
2019-01-20 16:09:01.851771,-1.56,3.25,-9999.0,-9999.0,-9999.0,3.42,988.05,211.97,1013.25,631,3912,2.0
2019-01-20 16:10:01.677501,-1.38,3.25,-9999.0,-9999.0,-9999.0,3.43,988.04,212.0,1013.25,624,3828,1.97
2019-01-20 16:11:02.040991,-1.31,3.38,-9999.0,-9999.0,-9999.0,3.57,988.1,211.55,1013.25,636,3953,2.03
2019-01-20 16:12:01.825113,-1.38,3.44,-9999.0,-9999.0,-9999.0,3.66,988.12,211.37,1013.25,687,4527,2.3
2019-01-20 16:13:01.613836,-1.25,3.56,-9999.0,-9999.0,-9999.0,3.78,988.11,211.48,1013.25,709,4763,2.42
2019-01-20 16:14:02.403575,-0.88,3.62,-9999.0,-9999.0,-9999.0,3.88,988.03,212.15,1013.25,708,4724,2.42
2019-01-20 16:15:02.200510,-0.81,3.81,-9999.0,-9999.0,-9999.0,4.02,987.97,212.62,1013.25,738,5036,2.58
2019-01-20 16:16:02.001474,-0.56,4.0,-9999.0,-9999.0,-9999.0,4.19,987.98,212.51,1013.25,742,5109,2.6
2019-01-20 16:17:01.806357,-0.62,4.06,-9999.0,-9999.0,-9999.0,4.34,987.93,213.0,1013.25,774,5501,2.77
2019-01-20 16:18:01.552082,-0.5,4.12,-9999.0,-9999.0,-9999.0,4.47,987.93,212.96,1013.25,702,4666,2.38
2019-01-20 16:19:02.360071,-0.12,4.25,-9999.0,-9999.0,-9999.0,4.6,987.93,212.96,1013.25,743,5111,2.6
2019-01-20 16:20:02.192945,0.38,4.44,-9999.0,-9999.0,-9999.0,4.83,987.93,213.14,1013.25,745,5152,2.61
2019-01-20 16:21:01.650354,-0.25,4.62,-9999.0,-9999.0,-9999.0,4.97,987.89,213.33,1013.25,732,4998,2.55
2019-01-20 16:22:01.460554,-0.69,4.81,-9999.0,-9999.0,-9999.0,5.23,987.85,213.68,1013.25,726,4952,2.51
2019-01-20 16:23:02.250586,-0.56,5.0,-9999.0,-9999.0,-9999.0,5.47,987.87,213.52,1013.25,683,4446,2.28
2019-01-20 16:24:02.036248,-0.12,5.12,-9999.0,-9999.0,-9999.0,5.65,987.87,213.46,1013.25,688,4505,2.31
2019-01-20 16:25:01.833990,-0.19,5.25,-9999.0,-9999.0,-9999.0,5.79,987.86,213.57,1013.25,737,5074,2.57
2019-01-20 16:26:01.620040,-0.12,5.31,-9999.0,-9999.0,-9999.0,5.86,987.9,213.24,1013.25,726,4939,2.51
2019-01-20 16:27:01.423014,-0.38,5.44,-9999.0,-9999.0,-9999.0,5.95,987.86,213.55,1013.25,690,4518,2.32
2019-01-20 16:28:02.216890,-0.25,5.56,-9999.0,-9999.0,-9999.0,6.0,987.88,213.42,1013.25,704,4672,2.4
2019-01-20 16:29:01.999242,-0.12,5.69,-9999.0,-9999.0,-9999.0,6.06,987.85,213.65,1013.25,763,5301,2.71
2019-01-20 16:30:01.843404,-0.25,5.81,-9999.0,-9999.0,-9999.0,6.18,987.78,213.75,1013.25,759,5276,2.69
2019-01-20 16:31:01.967338,-0.31,5.94,-9999.0,-9999.0,-9999.0,6.33,987.85,213.69,1013.25,741,5064,2.59
2019-01-20 16:32:01.776036,-0.06,6.0,-9999.0,-9999.0,-9999.0,6.42,987.84,213.73,1013.25,767,5358,2.73
2019-01-20 16:33:01.568541,-0.19,6.0,-9999.0,-9999.0,-9999.0,6.48,987.82,213.88,1013.25,740,5058,2.59
2019-01-20 16:34:02.365080,-0.19,6.06,-9999.0,-9999.0,-9999.0,6.46,987.83,213.79,1013.25,661,4216,2.16
2019-01-20 16:35:02.155602,0.19,6.06,-9999.0,-9999.0,-9999.0,6.41,987.82,213.94,1013.25,630,3870,2.0
2019-01-20 16:36:01.961627,0.25,6.06,-9999.0,-9999.0,-9999.0,6.42,987.79,214.14,1013.25,681,4450,2.27
2019-01-20 16:37:01.753061,0.38,6.25,-9999.0,-9999.0,-9999.0,6.5,987.8,214.09,1013.25,718,4834,2.47
2019-01-20 16:38:01.549279,0.06,6.44,-9999.0,-9999.0,-9999.0,6.63,987.82,213.93,1013.25,741,5078,2.59
2019-01-20 16:39:02.341654,0.62,6.5,-9999.0,-9999.0,-9999.0,6.8,987.8,214.03,1013.25,741,5069,2.59
2019-01-20 16:40:02.170697,0.12,6.69,-9999.0,-9999.0,-9999.0,6.98,987.84,213.7,1013.25,739,5055,2.58
2019-01-20 16:41:02.415961,0.06,6.69,-9999.0,-9999.0,-9999.0,7.0,987.82,214.47,1013.25,706,4705,2.41
2019-01-20 16:42:02.299345,-0.38,6.81,-9999.0,-9999.0,-9999.0,7.14,987.77,214.3,1013.25,673,4347,2.23
2019-01-20 16:43:02.108001,0.25,6.88,-9999.0,-9999.0,-9999.0,7.18,987.73,214.71,1013.25,654,4105,2.13
2019-01-20 16:44:01.921715,0.19,6.94,-9999.0,-9999.0,-9999.0,7.27,987.69,215.03,1013.25,681,4411,2.27
2019-01-20 16:45:01.713461,0.12,6.94,-9999.0,-9999.0,-9999.0,7.32,987.64,215.4,1013.25,762,5285,2.71
2019-01-20 16:46:01.519958,0.62,6.94,-9999.0,-9999.0,-9999.0,7.28,987.66,215.23,1013.25,819,5924,3.01
2019-01-20 16:47:02.324490,0.44,7.0,-9999.0,-9999.0,-9999.0,7.23,987.64,215.39,1013.25,740,4997,2.59
2019-01-20 16:48:02.110225,0.12,7.0,-9999.0,-9999.0,-9999.0,7.21,987.63,215.5,1013.25,820,5900,3.02
2019-01-20 16:49:01.898562,0.19,7.0,-9999.0,-9999.0,-9999.0,7.25,987.66,215.31,1013.25,857,6331,3.22
2019-01-20 16:50:01.731989,0.25,7.12,-9999.0,-9999.0,-9999.0,7.27,987.61,215.38,1013.25,858,6325,3.22
2019-01-20 16:51:01.884540,0.56,7.25,-9999.0,-9999.0,-9999.0,7.41,987.64,215.47,1013.25,842,6153,3.13
2019-01-20 16:52:01.686067,1.31,7.31,-9999.0,-9999.0,-9999.0,7.58,987.6,215.8,1013.25,828,5970,3.06
2019-01-20 16:53:01.494111,1.31,7.38,-9999.0,-9999.0,-9999.0,7.72,987.55,216.17,1013.25,916,6965,3.53
2019-01-20 16:54:02.283299,1.0,7.44,-9999.0,-9999.0,-9999.0,7.79,987.52,216.47,1013.25,843,6141,3.14
2019-01-20 16:55:02.072455,0.31,7.44,-9999.0,-9999.0,-9999.0,7.84,987.48,216.77,1013.25,821,5922,3.02
2019-01-20 16:56:01.875533,0.81,7.56,-9999.0,-9999.0,-9999.0,7.85,987.5,216.64,1013.25,797,5649,2.89
2019-01-20 16:57:01.667622,1.31,7.62,-9999.0,-9999.0,-9999.0,7.87,987.49,216.7,1013.25,768,5316,2.74
2019-01-20 16:58:01.461361,1.0,7.81,-9999.0,-9999.0,-9999.0,7.98,987.51,216.53,1013.25,783,5475,2.82
2019-01-20 16:59:02.256580,1.06,7.88,-9999.0,-9999.0,-9999.0,8.18,987.49,216.74,1013.25,759,5205,2.69
2019-01-20 17:00:02.084377,1.0,8.0,-9999.0,-9999.0,-9999.0,8.27,987.47,217.07,1013.25,781,5472,2.81
2019-01-20 17:01:02.244385,0.81,8.06,-9999.0,-9999.0,-9999.0,8.41,987.41,217.4,1013.25,777,5410,2.79
2019-01-20 17:02:02.032652,1.06,8.06,-9999.0,-9999.0,-9999.0,8.43,987.36,217.81,1013.25,802,5712,2.92
2019-01-20 17:03:01.829750,1.06,8.06,-9999.0,-9999.0,-9999.0,8.38,987.27,218.55,1013.25,820,5870,3.02
2019-01-20 17:04:01.623663,1.25,8.0,-9999.0,-9999.0,-9999.0,8.31,987.22,218.98,1013.25,811,5794,2.97
2019-01-20 17:05:01.409853,1.19,8.06,-9999.0,-9999.0,-9999.0,8.27,987.15,219.63,1013.25,805,5707,2.94
2019-01-20 17:06:02.217128,1.69,8.12,-9999.0,-9999.0,-9999.0,8.27,987.16,219.49,1013.25,830,5985,3.07
2019-01-20 17:07:02.003785,1.56,8.12,-9999.0,-9999.0,-9999.0,8.32,987.15,219.56,1013.25,904,6795,3.47
2019-01-20 17:08:01.791661,2.06,8.12,-9999.0,-9999.0,-9999.0,8.32,987.13,219.77,1013.25,896,6684,3.42
2019-01-20 17:09:01.583218,1.62,8.25,-9999.0,-9999.0,-9999.0,8.33,987.14,219.71,1013.25,977,7586,3.86
2019-01-20 17:10:02.415414,1.56,8.25,-9999.0,-9999.0,-9999.0,8.27,987.14,219.48,1013.25,968,7445,3.81
2019-01-20 17:11:01.491284,2.12,8.31,-9999.0,-9999.0,-9999.0,8.41,987.13,219.81,1013.25,989,7685,3.92
2019-01-20 17:12:02.276005,1.88,8.38,-9999.0,-9999.0,-9999.0,8.48,987.18,219.33,1013.25,994,7744,3.95
2019-01-20 17:13:02.065904,2.12,8.44,-9999.0,-9999.0,-9999.0,8.63,987.13,219.81,1013.25,980,7584,3.87
2019-01-20 17:14:01.851187,2.5,8.56,-9999.0,-9999.0,-9999.0,8.75,987.16,219.54,1013.25,894,6620,3.41
2019-01-20 17:15:01.648571,1.88,8.69,-9999.0,-9999.0,-9999.0,8.9,987.14,219.67,1013.25,830,5916,3.07
2019-01-20 17:16:01.444595,1.94,8.75,-9999.0,-9999.0,-9999.0,9.05,987.08,220.19,1013.25,905,6766,3.47
2019-01-20 17:17:02.246329,1.69,8.88,-9999.0,-9999.0,-9999.0,9.1,987.03,220.65,1013.25,893,6634,3.41
2019-01-20 17:18:02.026603,1.88,8.94,-9999.0,-9999.0,-9999.0,9.14,987.02,220.71,1013.25,900,6710,3.45
2019-01-20 17:19:01.810293,2.25,8.88,-9999.0,-9999.0,-9999.0,9.15,986.94,221.43,1013.25,909,6790,3.49
2019-01-20 17:20:01.635919,2.25,8.94,-9999.0,-9999.0,-9999.0,9.13,986.9,221.63,1013.25,908,6762,3.49
2019-01-20 17:21:01.706520,2.31,9.0,-9999.0,-9999.0,-9999.0,9.15,986.89,221.79,1013.25,933,7016,3.62
2019-01-20 17:22:01.492889,2.12,9.06,-9999.0,-9999.0,-9999.0,9.21,986.83,222.33,1013.25,958,7313,3.76
2019-01-20 17:23:02.286425,2.31,9.12,-9999.0,-9999.0,-9999.0,9.23,986.77,222.87,1013.25,974,7483,3.84
2019-01-20 17:24:02.080902,2.06,9.12,-9999.0,-9999.0,-9999.0,9.26,986.68,223.64,1013.25,956,7277,3.75
2019-01-20 17:25:01.877728,2.31,9.19,-9999.0,-9999.0,-9999.0,9.31,986.65,223.86,1013.25,881,6471,3.34
2019-01-20 17:26:01.671085,2.25,9.19,-9999.0,-9999.0,-9999.0,9.32,986.68,223.64,1013.25,891,6608,3.4
2019-01-20 17:27:01.465845,2.69,9.19,-9999.0,-9999.0,-9999.0,9.34,986.62,224.14,1013.25,902,6709,3.46
2019-01-20 17:28:02.280869,2.12,9.12,-9999.0,-9999.0,-9999.0,9.32,986.6,224.25,1013.25,887,6551,3.38
2019-01-20 17:29:02.071231,1.88,9.06,-9999.0,-9999.0,-9999.0,9.24,986.64,223.94,1013.25,899,6701,3.44
2019-01-20 17:30:01.918347,2.12,9.0,-9999.0,-9999.0,-9999.0,8.9,986.64,223.99,1013.25,891,6615,3.4
2019-01-20 17:31:02.031159,2.5,9.0,-9999.0,-9999.0,-9999.0,9.04,986.62,224.12,1013.25,855,6210,3.2
2019-01-20 17:32:01.838784,2.38,8.94,-9999.0,-9999.0,-9999.0,9.0,986.59,224.32,1013.25,854,6196,3.2
2019-01-20 17:33:01.648291,2.44,8.94,-9999.0,-9999.0,-9999.0,8.95,986.63,224.03,1013.25,838,6044,3.11
2019-01-20 17:34:01.449754,2.5,8.94,-9999.0,-9999.0,-9999.0,8.92,986.61,224.21,1013.25,809,5707,2.96
2019-01-20 17:35:02.242215,2.12,8.94,-9999.0,-9999.0,-9999.0,8.9,986.57,224.55,1013.25,803,5643,2.93
2019-01-20 17:36:02.028606,1.88,8.81,-9999.0,-9999.0,-9999.0,8.87,986.51,225.08,1013.25,842,6068,3.13
2019-01-20 17:37:01.815724,1.88,8.75,-9999.0,-9999.0,-9999.0,8.81,986.56,224.64,1013.25,893,6628,3.41
2019-01-20 17:38:01.609669,2.56,8.69,-9999.0,-9999.0,-9999.0,8.71,986.55,224.67,1013.25,864,6302,3.25
2019-01-20 17:39:02.402196,2.19,8.62,-9999.0,-9999.0,-9999.0,8.6,986.53,224.84,1013.25,843,6065,3.14
2019-01-20 17:40:02.249647,2.31,8.56,-9999.0,-9999.0,-9999.0,8.35,986.6,224.31,1013.25,853,6196,3.19
2019-01-20 17:41:02.373736,2.25,8.5,-9999.0,-9999.0,-9999.0,8.48,986.65,223.9,1013.25,829,5918,3.07
2019-01-20 17:42:02.185244,2.25,8.5,-9999.0,-9999.0,-9999.0,8.42,986.63,223.99,1013.25,822,5839,3.03
2019-01-20 17:43:01.989593,2.12,8.44,-9999.0,-9999.0,-9999.0,8.41,986.65,223.87,1013.25,859,6248,3.23
2019-01-20 17:44:01.776643,2.56,8.44,-9999.0,-9999.0,-9999.0,8.37,986.61,224.22,1013.25,864,6299,3.25
2019-01-20 17:45:01.566039,2.44,8.38,-9999.0,-9999.0,-9999.0,8.3,986.59,224.36,1013.25,882,6491,3.35
2019-01-20 17:46:02.370535,2.44,8.38,-9999.0,-9999.0,-9999.0,8.31,986.52,225.0,1013.25,870,6352,3.28
2019-01-20 17:47:02.159789,2.5,8.38,-9999.0,-9999.0,-9999.0,8.31,986.48,225.28,1013.25,868,6348,3.27
2019-01-20 17:48:01.971471,2.56,8.31,-9999.0,-9999.0,-9999.0,8.28,986.48,225.31,1013.25,836,6008,3.1
2019-01-20 17:49:01.756350,2.75,8.31,-9999.0,-9999.0,-9999.0,8.27,986.47,225.38,1013.25,837,5982,3.11
2019-01-20 17:50:01.578592,2.44,8.31,-9999.0,-9999.0,-9999.0,8.28,986.41,225.86,1013.25,866,6338,3.26
2019-01-20 17:51:02.009211,2.88,8.25,-9999.0,-9999.0,-9999.0,8.28,986.34,226.49,1013.25,859,6251,3.23
2019-01-20 17:52:01.821178,2.75,8.31,-9999.0,-9999.0,-9999.0,8.31,986.34,226.47,1013.25,837,6008,3.11
2019-01-20 17:53:01.617823,2.56,8.25,-9999.0,-9999.0,-9999.0,8.33,986.28,227.0,1013.25,802,5604,2.92
2019-01-20 17:54:02.409324,2.62,8.25,-9999.0,-9999.0,-9999.0,8.31,986.24,227.31,1013.25,795,5553,2.88
2019-01-20 17:55:02.200341,2.5,8.25,-9999.0,-9999.0,-9999.0,8.29,986.23,227.39,1013.25,833,5958,3.09
2019-01-20 17:56:01.992977,2.88,8.12,-9999.0,-9999.0,-9999.0,8.27,986.29,226.91,1013.25,824,5857,3.04
2019-01-20 17:57:01.782717,2.81,8.19,-9999.0,-9999.0,-9999.0,8.22,986.25,227.26,1013.25,864,6295,3.25
2019-01-20 17:58:01.574346,3.19,8.25,-9999.0,-9999.0,-9999.0,8.17,986.32,226.67,1013.25,886,6532,3.37
2019-01-20 17:59:02.378193,3.69,8.31,-9999.0,-9999.0,-9999.0,8.21,986.27,227.05,1013.25,911,6791,3.5
2019-01-20 18:00:02.215417,3.38,8.38,-9999.0,-9999.0,-9999.0,8.25,986.26,227.14,1013.25,908,6755,3.49
2019-01-20 18:01:02.346168,3.12,8.44,-9999.0,-9999.0,-9999.0,8.39,986.25,227.25,1013.25,877,6416,3.32
2019-01-20 18:02:02.162271,3.19,8.5,-9999.0,-9999.0,-9999.0,8.51,986.27,227.13,1013.25,836,5984,3.1
2019-01-20 18:03:01.966105,3.56,8.56,-9999.0,-9999.0,-9999.0,8.62,986.21,227.57,1013.25,841,6046,3.13
2019-01-20 18:04:01.759883,3.38,8.62,-9999.0,-9999.0,-9999.0,8.73,986.17,227.9,1013.25,849,6121,3.17
2019-01-20 18:05:01.540415,3.25,8.69,-9999.0,-9999.0,-9999.0,8.88,986.18,227.85,1013.25,876,6413,3.32
2019-01-20 18:06:02.330313,3.38,8.75,-9999.0,-9999.0,-9999.0,8.93,986.1,228.54,1013.25,851,6141,3.18
2019-01-20 18:07:02.097311,3.56,8.88,-9999.0,-9999.0,-9999.0,9.04,986.08,228.75,1013.25,868,6317,3.27
2019-01-20 18:08:01.905120,3.25,9.0,-9999.0,-9999.0,-9999.0,9.13,986.03,229.13,1013.25,853,6169,3.19
2019-01-20 18:09:01.701521,3.5,9.06,-9999.0,-9999.0,-9999.0,9.17,986.01,229.33,1013.25,864,6291,3.25
2019-01-20 18:10:01.532386,3.62,9.06,-9999.0,-9999.0,-9999.0,9.09,985.94,229.77,1013.25,864,6284,3.25
2019-01-20 18:11:01.679428,3.69,9.19,-9999.0,-9999.0,-9999.0,9.24,985.93,229.94,1013.25,853,6163,3.19
2019-01-20 18:12:01.477841,3.5,9.19,-9999.0,-9999.0,-9999.0,9.29,985.94,229.93,1013.25,861,6251,3.24
2019-01-20 18:13:02.278624,3.88,9.25,-9999.0,-9999.0,-9999.0,9.35,985.9,230.21,1013.25,833,5962,3.09
2019-01-20 18:14:02.080406,3.56,9.31,-9999.0,-9999.0,-9999.0,9.4,985.95,229.82,1013.25,820,5798,3.02
2019-01-20 18:15:01.872279,3.5,9.31,-9999.0,-9999.0,-9999.0,9.47,985.97,229.68,1013.25,789,5469,2.85
2019-01-20 18:16:01.665788,3.06,9.31,-9999.0,-9999.0,-9999.0,9.49,985.87,230.47,1013.25,791,5498,2.86
2019-01-20 18:17:01.466082,3.19,9.31,-9999.0,-9999.0,-9999.0,9.46,985.92,230.08,1013.25,790,5491,2.86
2019-01-20 18:18:02.258587,3.38,9.31,-9999.0,-9999.0,-9999.0,9.41,985.88,230.37,1013.25,779,5369,2.8
2019-01-20 18:19:02.054997,3.62,9.25,-9999.0,-9999.0,-9999.0,9.3,985.93,229.99,1013.25,790,5484,2.86
2019-01-20 18:20:01.900817,4.0,9.12,-9999.0,-9999.0,-9999.0,8.98,985.92,229.99,1013.25,818,5789,3.01
2019-01-20 18:21:02.240183,3.44,9.12,-9999.0,-9999.0,-9999.0,9.13,985.89,230.34,1013.25,811,5691,2.97
2019-01-20 18:22:02.035471,3.88,9.12,-9999.0,-9999.0,-9999.0,9.1,985.92,230.09,1013.25,811,5706,2.97
2019-01-20 18:23:01.831398,3.19,9.12,-9999.0,-9999.0,-9999.0,9.06,985.87,230.51,1013.25,826,5860,3.05
2019-01-20 18:24:01.623455,3.38,9.0,-9999.0,-9999.0,-9999.0,9.06,985.82,230.9,1013.25,804,5619,2.93
2019-01-20 18:25:01.414993,3.69,9.0,-9999.0,-9999.0,-9999.0,8.99,985.8,231.09,1013.25,823,5825,3.03
2019-01-20 18:26:02.221603,3.69,9.0,-9999.0,-9999.0,-9999.0,8.96,985.72,231.73,1013.25,841,6015,3.13
2019-01-20 18:27:02.011970,3.56,9.0,-9999.0,-9999.0,-9999.0,8.99,985.65,232.36,1013.25,866,6282,3.26
2019-01-20 18:28:01.812476,3.88,9.12,-9999.0,-9999.0,-9999.0,9.02,985.63,232.55,1013.25,850,6095,3.18
2019-01-20 18:29:01.597921,3.81,9.12,-9999.0,-9999.0,-9999.0,9.06,985.62,232.64,1013.25,881,6444,3.34
2019-01-20 18:30:02.441268,4.06,9.12,-9999.0,-9999.0,-9999.0,9.14,985.55,233.07,1013.25,882,6434,3.35
2019-01-20 18:31:01.658434,4.19,9.19,-9999.0,-9999.0,-9999.0,9.18,985.52,233.45,1013.25,897,6585,3.43
2019-01-20 18:32:01.460083,4.69,9.19,-9999.0,-9999.0,-9999.0,9.23,985.44,234.17,1013.25,928,6910,3.6
2019-01-20 18:33:02.251596,4.94,9.31,-9999.0,-9999.0,-9999.0,9.3,985.38,234.62,1013.25,939,7019,3.65
2019-01-20 18:34:02.052123,4.62,9.38,-9999.0,-9999.0,-9999.0,9.4,985.4,234.47,1013.25,978,7445,3.86
2019-01-20 18:35:01.843355,5.06,9.5,-9999.0,-9999.0,-9999.0,9.51,985.29,235.46,1013.25,993,7587,3.94
2019-01-20 18:36:01.636990,4.56,9.62,-9999.0,-9999.0,-9999.0,9.63,985.26,235.7,1013.25,980,7472,3.87
2019-01-20 18:37:01.463478,5.06,9.69,-9999.0,-9999.0,-9999.0,9.81,985.25,235.75,1013.25,931,6945,3.61
2019-01-20 18:38:02.280646,5.06,9.81,-9999.0,-9999.0,-9999.0,9.91,985.21,236.14,1013.25,890,6501,3.39
2019-01-20 18:39:02.068466,4.94,9.88,-9999.0,-9999.0,-9999.0,10.03,985.15,236.64,1013.25,842,6011,3.13
2019-01-20 18:40:01.902244,4.56,10.0,-9999.0,-9999.0,-9999.0,10.07,985.1,236.56,1013.25,820,5776,3.02
2019-01-20 18:41:02.287655,4.19,10.06,-9999.0,-9999.0,-9999.0,10.22,985.19,236.32,1013.25,803,5612,2.93
2019-01-20 18:42:02.070372,4.12,10.12,-9999.0,-9999.0,-9999.0,10.26,985.15,236.63,1013.25,786,5435,2.83
2019-01-20 18:43:01.856028,4.06,10.06,-9999.0,-9999.0,-9999.0,10.24,985.08,237.22,1013.25,757,5146,2.68
2019-01-20 18:44:01.662256,3.88,10.06,-9999.0,-9999.0,-9999.0,10.18,985.11,236.94,1013.25,745,4999,2.61
2019-01-20 18:45:01.445392,4.0,10.0,-9999.0,-9999.0,-9999.0,10.11,985.18,236.36,1013.25,750,5074,2.64
2019-01-20 18:46:02.272564,4.12,9.94,-9999.0,-9999.0,-9999.0,10.0,985.15,236.58,1013.25,768,5239,2.74
2019-01-20 18:47:02.078596,4.06,10.0,-9999.0,-9999.0,-9999.0,9.91,985.19,236.26,1013.25,785,5436,2.83
2019-01-20 18:48:01.858321,4.0,9.94,-9999.0,-9999.0,-9999.0,9.83,985.16,236.57,1013.25,795,5525,2.88
2019-01-20 18:49:01.664244,4.44,9.94,-9999.0,-9999.0,-9999.0,9.74,985.09,237.11,1013.25,804,5611,2.93
2019-01-20 18:50:01.500362,4.25,9.81,-9999.0,-9999.0,-9999.0,9.51,985.14,236.98,1013.25,776,5321,2.78
2019-01-20 18:51:01.942171,4.75,9.81,-9999.0,-9999.0,-9999.0,9.65,985.09,237.12,1013.25,829,5892,3.07
2019-01-20 18:52:01.763801,4.81,9.81,-9999.0,-9999.0,-9999.0,9.62,985.04,237.54,1013.25,904,6681,3.47
2019-01-20 18:53:01.596969,4.5,9.81,-9999.0,-9999.0,-9999.0,9.63,984.96,238.26,1013.25,917,6807,3.54
2019-01-20 18:54:02.385197,4.56,9.81,-9999.0,-9999.0,-9999.0,9.66,984.97,238.13,1013.25,900,6615,3.45
2019-01-20 18:55:02.160811,4.88,9.94,-9999.0,-9999.0,-9999.0,9.7,984.95,238.37,1013.25,869,6260,3.28
2019-01-20 18:56:02.001116,4.31,10.0,-9999.0,-9999.0,-9999.0,9.8,984.91,238.64,1013.25,881,6398,3.34
2019-01-20 18:57:01.799671,4.75,10.06,-9999.0,-9999.0,-9999.0,9.88,984.89,238.82,1013.25,881,6417,3.34
2019-01-20 18:58:01.611235,4.94,10.12,-9999.0,-9999.0,-9999.0,9.96,984.87,239.01,1013.25,900,6582,3.45
2019-01-20 18:59:02.421767,4.75,10.25,-9999.0,-9999.0,-9999.0,10.07,984.9,238.73,1013.25,930,6920,3.61
2019-01-20 19:00:02.287439,4.81,10.25,-9999.0,-9999.0,-9999.0,10.09,984.87,239.02,1013.25,913,6725,3.52
2019-01-20 19:01:01.456816,5.06,10.31,-9999.0,-9999.0,-9999.0,10.24,984.8,239.64,1013.25,920,6802,3.55
2019-01-20 19:02:02.259082,5.31,10.44,-9999.0,-9999.0,-9999.0,10.34,984.78,239.74,1013.25,915,6721,3.53
2019-01-20 19:03:02.047053,4.69,10.5,-9999.0,-9999.0,-9999.0,10.48,984.82,239.46,1013.25,902,6583,3.46
2019-01-20 19:04:01.831377,4.94,10.62,-9999.0,-9999.0,-9999.0,10.58,984.68,240.6,1013.25,917,6784,3.54
2019-01-20 19:05:01.611376,5.0,10.69,-9999.0,-9999.0,-9999.0,10.62,984.75,240.02,1013.25,924,6835,3.57
2019-01-20 19:06:02.437946,5.25,10.69,-9999.0,-9999.0,-9999.0,10.67,984.7,240.45,1013.25,942,7015,3.67
2019-01-20 19:07:02.236642,5.06,10.69,-9999.0,-9999.0,-9999.0,10.7,984.71,240.39,1013.25,897,6531,3.43
2019-01-20 19:08:02.046163,5.19,10.69,-9999.0,-9999.0,-9999.0,10.77,984.7,240.46,1013.25,933,6897,3.62
2019-01-20 19:09:01.842988,5.12,10.81,-9999.0,-9999.0,-9999.0,10.81,984.69,240.57,1013.25,1001,7624,3.99
2019-01-20 19:10:01.666707,4.94,10.94,-9999.0,-9999.0,-9999.0,10.84,984.68,240.65,1013.25,970,7295,3.82
2019-01-20 19:11:01.967409,5.62,11.06,-9999.0,-9999.0,-9999.0,10.91,984.65,240.88,1013.25,931,6869,3.61
2019-01-20 19:12:01.761439,5.31,11.06,-9999.0,-9999.0,-9999.0,11.03,984.63,241.07,1013.25,876,6287,3.32
2019-01-20 19:13:01.555090,5.31,11.19,-9999.0,-9999.0,-9999.0,11.14,984.62,241.1,1013.25,889,6429,3.39
2019-01-20 19:14:02.365777,4.94,11.19,-9999.0,-9999.0,-9999.0,11.2,984.59,241.37,1013.25,868,6213,3.27
2019-01-20 19:15:02.150818,5.25,11.25,-9999.0,-9999.0,-9999.0,11.28,984.56,241.69,1013.25,894,6500,3.41
2019-01-20 19:16:01.932459,5.38,11.25,-9999.0,-9999.0,-9999.0,11.26,984.56,241.65,1013.25,898,6527,3.43
2019-01-20 19:17:01.723605,5.94,11.25,-9999.0,-9999.0,-9999.0,11.26,984.52,242.02,1013.25,911,6688,3.5
2019-01-20 19:18:01.508488,5.31,11.25,-9999.0,-9999.0,-9999.0,11.28,984.51,242.07,1013.25,837,5889,3.11
2019-01-20 19:19:02.312781,5.06,11.19,-9999.0,-9999.0,-9999.0,11.31,984.43,242.76,1013.25,826,5780,3.05
2019-01-20 19:20:02.158139,4.81,11.19,-9999.0,-9999.0,-9999.0,11.06,984.47,242.35,1013.25,836,5908,3.1
2019-01-20 19:21:02.309602,5.12,11.19,-9999.0,-9999.0,-9999.0,11.2,984.42,242.86,1013.25,813,5654,2.98
2019-01-20 19:22:02.169688,5.44,11.19,-9999.0,-9999.0,-9999.0,11.19,984.36,243.34,1013.25,818,5703,3.01
2019-01-20 19:23:01.985986,5.0,11.12,-9999.0,-9999.0,-9999.0,11.13,984.31,243.81,1013.25,775,5249,2.78
2019-01-20 19:24:01.808566,5.25,11.06,-9999.0,-9999.0,-9999.0,11.08,984.25,244.28,1013.25,804,5547,2.93
2019-01-20 19:25:01.593227,5.38,11.06,-9999.0,-9999.0,-9999.0,11.01,984.28,244.01,1013.25,824,5786,3.04
2019-01-20 19:26:02.382740,6.0,11.12,-9999.0,-9999.0,-9999.0,10.95,984.25,244.26,1013.25,806,5559,2.94
2019-01-20 19:27:02.168573,6.06,11.19,-9999.0,-9999.0,-9999.0,10.98,984.25,244.3,1013.25,851,6042,3.18
2019-01-20 19:28:01.971555,5.94,11.31,-9999.0,-9999.0,-9999.0,11.06,984.24,244.37,1013.25,801,5509,2.92
2019-01-20 19:29:01.758464,6.0,11.25,-9999.0,-9999.0,-9999.0,11.15,984.21,244.62,1013.25,840,5934,3.12
2019-01-20 19:30:01.585530,5.62,11.25,-9999.0,-9999.0,-9999.0,11.19,984.17,244.96,1013.25,843,5945,3.14
2019-01-20 19:31:01.929083,6.0,11.31,-9999.0,-9999.0,-9999.0,11.21,984.13,245.28,1013.25,849,5994,3.17
2019-01-20 19:32:01.730892,5.88,11.31,-9999.0,-9999.0,-9999.0,11.25,984.1,245.57,1013.25,1012,7757,4.05
2019-01-20 19:33:01.510561,5.94,11.31,-9999.0,-9999.0,-9999.0,11.3,984.07,245.82,1013.25,1014,7760,4.06
2019-01-20 19:34:02.297194,6.56,11.44,-9999.0,-9999.0,-9999.0,11.33,984.04,246.04,1013.25,1024,7846,4.11
2019-01-20 19:35:02.088149,6.94,11.5,-9999.0,-9999.0,-9999.0,11.44,984.0,246.42,1013.25,996,7528,3.96
2019-01-20 19:36:01.868641,7.06,11.69,-9999.0,-9999.0,-9999.0,11.6,984.03,246.19,1013.25,991,7465,3.93
2019-01-20 19:37:01.655562,6.88,11.81,-9999.0,-9999.0,-9999.0,11.84,984.06,245.9,1013.25,993,7484,3.94
2019-01-20 19:38:01.441215,6.0,12.0,-9999.0,-9999.0,-9999.0,12.12,984.03,246.2,1013.25,999,7534,3.98
2019-01-20 19:39:02.270990,6.38,12.12,-9999.0,-9999.0,-9999.0,12.3,984.02,246.21,1013.25,993,7467,3.94
2019-01-20 19:40:02.111814,5.75,12.19,-9999.0,-9999.0,-9999.0,12.39,984.03,245.97,1013.25,962,7141,3.78
2019-01-20 19:41:02.373623,6.19,12.25,-9999.0,-9999.0,-9999.0,12.5,984.06,245.95,1013.25,958,7111,3.76
2019-01-20 19:42:02.167747,6.25,12.5,-9999.0,-9999.0,-9999.0,12.62,983.94,246.96,1013.25,941,6941,3.67
2019-01-20 19:43:01.960431,6.06,12.56,-9999.0,-9999.0,-9999.0,12.81,983.93,247.03,1013.25,934,6871,3.63
2019-01-20 19:44:01.754058,6.12,12.62,-9999.0,-9999.0,-9999.0,12.96,983.9,247.31,1013.25,953,7061,3.73
2019-01-20 19:45:01.544780,6.19,12.75,-9999.0,-9999.0,-9999.0,13.01,983.91,247.16,1013.25,965,7216,3.79
2019-01-20 19:46:02.335925,6.62,12.75,-9999.0,-9999.0,-9999.0,13.0,983.85,247.66,1013.25,951,7052,3.72
2019-01-20 19:47:02.139567,6.62,12.75,-9999.0,-9999.0,-9999.0,12.99,983.83,247.9,1013.25,942,6928,3.67
2019-01-20 19:48:01.931703,6.94,12.81,-9999.0,-9999.0,-9999.0,12.99,983.75,248.53,1013.25,953,7047,3.73
2019-01-20 19:49:01.719298,6.44,12.88,-9999.0,-9999.0,-9999.0,12.98,983.77,248.38,1013.25,947,6976,3.7
2019-01-20 19:50:01.546059,6.75,12.94,-9999.0,-9999.0,-9999.0,12.96,983.73,248.8,1013.25,941,6906,3.67
2019-01-20 19:51:01.889819,6.75,13.06,-9999.0,-9999.0,-9999.0,13.1,983.67,249.26,1013.25,927,6768,3.59
2019-01-20 19:52:01.695387,6.5,13.06,-9999.0,-9999.0,-9999.0,13.24,983.68,249.18,1013.25,954,7048,3.73
2019-01-20 19:53:01.501225,7.0,13.19,-9999.0,-9999.0,-9999.0,13.31,983.71,248.9,1013.25,931,6811,3.61
2019-01-20 19:54:02.300621,7.12,13.31,-9999.0,-9999.0,-9999.0,13.36,983.71,248.91,1013.25,870,6162,3.28
2019-01-20 19:55:02.097996,7.31,13.44,-9999.0,-9999.0,-9999.0,13.48,983.73,248.72,1013.25,900,6456,3.45
2019-01-20 19:56:01.903048,6.62,13.5,-9999.0,-9999.0,-9999.0,13.6,983.79,248.2,1013.25,942,6936,3.67
2019-01-20 19:57:01.731551,7.19,13.56,-9999.0,-9999.0,-9999.0,13.68,983.72,248.85,1013.25,938,6876,3.65
2019-01-20 19:58:01.541544,6.5,13.69,-9999.0,-9999.0,-9999.0,13.74,983.68,249.19,1013.25,932,6824,3.62
2019-01-20 19:59:02.353470,6.19,13.75,-9999.0,-9999.0,-9999.0,13.83,983.67,249.2,1013.25,927,6815,3.59
2019-01-20 20:00:02.183136,6.56,13.88,-9999.0,-9999.0,-9999.0,13.79,983.67,249.4,1013.25,926,6742,3.58
2019-01-20 20:01:01.431968,7.06,14.0,-9999.0,-9999.0,-9999.0,13.94,983.6,249.8,1013.25,907,6546,3.48
2019-01-20 20:02:02.237117,7.38,14.19,-9999.0,-9999.0,-9999.0,14.12,983.66,249.29,1013.25,916,6636,3.53
2019-01-20 20:03:02.029549,6.5,14.19,-9999.0,-9999.0,-9999.0,14.28,983.59,249.9,1013.25,902,6472,3.46
2019-01-20 20:04:01.815095,6.38,14.25,-9999.0,-9999.0,-9999.0,14.3,983.56,250.14,1013.25,893,6377,3.41
2019-01-20 20:05:01.615903,6.94,14.19,-9999.0,-9999.0,-9999.0,14.26,983.57,250.08,1013.25,939,6869,3.65
2019-01-20 20:06:01.403919,7.12,14.12,-9999.0,-9999.0,-9999.0,14.14,983.6,249.84,1013.25,929,6756,3.6
2019-01-20 20:07:02.199193,7.31,14.12,-9999.0,-9999.0,-9999.0,14.04,983.52,250.48,1013.25,936,6804,3.64
2019-01-20 20:08:01.993599,7.19,14.12,-9999.0,-9999.0,-9999.0,14.0,983.5,250.73,1013.25,943,6880,3.68
2019-01-20 20:09:01.797453,6.44,14.19,-9999.0,-9999.0,-9999.0,14.03,983.42,251.41,1013.25,935,6778,3.63
2019-01-20 20:10:01.622984,6.38,14.31,-9999.0,-9999.0,-9999.0,14.09,983.4,251.56,1013.25,919,6654,3.55
2019-01-20 20:11:02.173003,6.62,14.38,-9999.0,-9999.0,-9999.0,14.23,983.29,252.45,1013.25,811,5484,2.97
2019-01-20 20:12:01.964117,6.5,14.5,-9999.0,-9999.0,-9999.0,14.32,983.26,252.76,1013.25,907,6523,3.48
2019-01-20 20:13:01.760724,6.81,14.5,-9999.0,-9999.0,-9999.0,14.45,983.19,253.35,1013.25,888,6304,3.38
2019-01-20 20:14:01.555597,6.75,14.5,-9999.0,-9999.0,-9999.0,14.42,983.16,253.63,1013.25,886,6308,3.37
2019-01-20 20:15:02.355645,7.19,14.5,-9999.0,-9999.0,-9999.0,14.36,983.21,253.18,1013.25,882,6290,3.35
2019-01-20 20:16:02.142652,6.56,14.38,-9999.0,-9999.0,-9999.0,14.3,983.19,253.33,1013.25,916,6650,3.53
2019-01-20 20:17:01.945415,6.5,14.38,-9999.0,-9999.0,-9999.0,13.89,983.22,253.1,1013.25,823,5669,3.03
2019-01-20 20:18:01.812993,6.69,14.31,-9999.0,-9999.0,-9999.0,14.03,983.15,253.66,1013.25,828,5722,3.06
2019-01-20 20:19:01.616553,6.88,14.19,-9999.0,-9999.0,-9999.0,13.94,983.11,253.98,1013.25,831,5767,3.08
2019-01-20 20:20:02.447375,6.81,14.06,-9999.0,-9999.0,-9999.0,13.82,983.14,253.25,1013.25,828,5719,3.06
2019-01-20 20:21:01.688674,7.38,14.06,-9999.0,-9999.0,-9999.0,13.73,983.14,253.73,1013.25,868,6140,3.27
2019-01-20 20:22:01.492734,7.0,14.06,-9999.0,-9999.0,-9999.0,13.78,983.13,253.83,1013.25,837,5796,3.11
2019-01-20 20:23:02.290250,7.44,14.0,-9999.0,-9999.0,-9999.0,13.74,983.12,253.89,1013.25,877,6212,3.32
2019-01-20 20:24:02.085346,7.12,14.0,-9999.0,-9999.0,-9999.0,13.69,983.11,254.02,1013.25,877,6210,3.32
2019-01-20 20:25:01.884353,7.31,14.0,-9999.0,-9999.0,-9999.0,13.72,983.07,254.38,1013.25,865,6058,3.26
2019-01-20 20:26:01.684731,6.81,14.06,-9999.0,-9999.0,-9999.0,13.78,983.12,253.96,1013.25,865,6068,3.26
2019-01-20 20:27:01.478846,7.31,14.0,-9999.0,-9999.0,-9999.0,13.84,983.08,254.27,1013.25,894,6386,3.41
2019-01-20 20:28:02.280739,7.69,14.0,-9999.0,-9999.0,-9999.0,13.8,983.1,254.06,1013.25,893,6351,3.41
2019-01-20 20:29:02.066958,7.31,14.0,-9999.0,-9999.0,-9999.0,13.84,983.0,254.95,1013.25,858,5962,3.22
2019-01-20 20:30:01.895509,7.25,14.12,-9999.0,-9999.0,-9999.0,13.99,982.95,255.35,1013.25,904,6470,3.47
2019-01-20 20:31:02.152008,7.44,14.31,-9999.0,-9999.0,-9999.0,14.13,982.96,255.26,1013.25,898,6398,3.43
2019-01-20 20:32:01.948901,8.12,14.5,-9999.0,-9999.0,-9999.0,14.28,982.88,255.98,1013.25,883,6260,3.35
2019-01-20 20:33:01.744280,7.88,14.62,-9999.0,-9999.0,-9999.0,14.37,982.87,256.02,1013.25,888,6310,3.38
2019-01-20 20:34:01.489388,7.94,14.62,-9999.0,-9999.0,-9999.0,14.49,982.88,256.0,1013.25,891,6342,3.4
2019-01-20 20:35:02.309250,7.88,14.62,-9999.0,-9999.0,-9999.0,14.44,982.89,255.93,1013.25,884,6276,3.36
2019-01-20 20:36:02.109842,7.5,14.62,-9999.0,-9999.0,-9999.0,14.45,982.83,256.39,1013.25,886,6272,3.37
2019-01-20 20:37:01.910541,7.75,14.56,-9999.0,-9999.0,-9999.0,14.45,982.85,256.21,1013.25,846,5853,3.16
2019-01-20 20:38:01.710975,8.19,14.5,-9999.0,-9999.0,-9999.0,14.38,982.76,257.03,1013.25,843,5825,3.14
2019-01-20 20:39:01.508244,7.88,14.56,-9999.0,-9999.0,-9999.0,14.38,982.77,256.88,1013.25,876,6196,3.32
2019-01-20 20:40:02.349170,7.88,14.56,-9999.0,-9999.0,-9999.0,14.32,982.66,258.07,1013.25,877,6191,3.32
2019-01-20 20:41:01.576671,7.94,14.5,-9999.0,-9999.0,-9999.0,14.46,982.7,257.52,1013.25,855,5966,3.2
2019-01-20 20:42:02.374979,8.56,14.5,-9999.0,-9999.0,-9999.0,14.44,982.74,257.19,1013.25,867,6080,3.27
2019-01-20 20:43:02.165699,8.0,14.56,-9999.0,-9999.0,-9999.0,14.4,982.7,257.51,1013.25,859,5998,3.23
2019-01-20 20:44:01.956022,7.75,14.56,-9999.0,-9999.0,-9999.0,14.45,982.73,257.26,1013.25,861,6039,3.24
2019-01-20 20:45:01.746311,8.5,14.62,-9999.0,-9999.0,-9999.0,14.47,982.72,257.33,1013.25,860,6005,3.23
2019-01-20 20:46:01.536394,8.62,14.81,-9999.0,-9999.0,-9999.0,14.53,982.71,257.41,1013.25,852,5937,3.19
2019-01-20 20:47:02.334207,8.0,15.0,-9999.0,-9999.0,-9999.0,14.75,982.68,257.69,1013.25,849,5903,3.17
2019-01-20 20:48:02.129205,7.38,15.19,-9999.0,-9999.0,-9999.0,14.99,982.68,257.67,1013.25,846,5870,3.16
2019-01-20 20:49:01.925601,7.38,15.31,-9999.0,-9999.0,-9999.0,15.12,982.71,257.4,1013.25,842,5834,3.13
2019-01-20 20:50:01.755458,7.25,15.31,-9999.0,-9999.0,-9999.0,15.12,982.72,257.33,1013.25,840,5798,3.12
2019-01-20 20:51:02.198354,7.5,15.25,-9999.0,-9999.0,-9999.0,15.06,982.75,257.09,1013.25,837,5771,3.11
2019-01-20 20:52:02.009200,7.75,15.19,-9999.0,-9999.0,-9999.0,14.92,982.72,257.32,1013.25,836,5754,3.1
2019-01-20 20:53:01.778233,7.94,15.19,-9999.0,-9999.0,-9999.0,14.88,982.66,257.85,1013.25,823,5645,3.03
2019-01-20 20:54:01.585860,7.5,15.31,-9999.0,-9999.0,-9999.0,14.88,982.66,257.87,1013.25,807,5454,2.95
2019-01-20 20:55:02.376402,7.12,15.25,-9999.0,-9999.0,-9999.0,14.94,982.65,257.96,1013.25,772,5091,2.76
2019-01-20 20:56:02.167704,7.81,15.19,-9999.0,-9999.0,-9999.0,14.87,982.65,257.96,1013.25,799,5374,2.9
2019-01-20 20:57:01.968131,7.81,15.19,-9999.0,-9999.0,-9999.0,14.72,982.6,258.4,1013.25,806,5448,2.94
2019-01-20 20:58:01.770978,7.81,15.06,-9999.0,-9999.0,-9999.0,14.64,982.56,258.71,1013.25,791,5291,2.86
2019-01-20 20:59:01.559611,8.25,15.06,-9999.0,-9999.0,-9999.0,14.59,982.54,258.87,1013.25,802,5402,2.92
2019-01-20 21:00:02.390014,8.5,15.0,-9999.0,-9999.0,-9999.0,14.42,982.53,258.97,1013.25,800,5355,2.91
2019-01-20 21:01:01.928773,9.56,15.0,-9999.0,-9999.0,-9999.0,14.56,982.52,259.02,1013.25,795,5328,2.88
2019-01-20 21:02:01.727586,9.06,15.06,-9999.0,-9999.0,-9999.0,14.61,982.51,259.15,1013.25,791,5288,2.86
2019-01-20 21:03:01.524969,8.75,15.06,-9999.0,-9999.0,-9999.0,14.77,982.5,259.21,1013.25,788,5250,2.85
2019-01-20 21:04:02.319243,8.38,15.06,-9999.0,-9999.0,-9999.0,14.81,982.44,259.76,1013.25,783,5211,2.82
2019-01-20 21:05:02.119058,8.06,15.0,-9999.0,-9999.0,-9999.0,14.78,982.52,259.05,1013.25,781,5179,2.81
2019-01-20 21:06:01.912384,7.88,14.94,-9999.0,-9999.0,-9999.0,14.75,982.52,259.01,1013.25,778,5145,2.79
2019-01-20 21:07:01.708118,7.69,15.0,-9999.0,-9999.0,-9999.0,14.68,982.5,259.19,1013.25,774,5104,2.77
2019-01-20 21:08:01.515864,7.81,14.94,-9999.0,-9999.0,-9999.0,14.6,982.47,259.51,1013.25,770,5071,2.75
2019-01-20 21:09:02.308474,8.25,14.88,-9999.0,-9999.0,-9999.0,14.52,982.5,259.2,1013.25,767,5034,2.73
2019-01-20 21:10:02.134815,7.81,15.0,-9999.0,-9999.0,-9999.0,14.4,982.45,259.65,1013.25,763,4999,2.71
2019-01-20 21:11:01.467263,8.38,15.0,-9999.0,-9999.0,-9999.0,14.46,982.45,259.63,1013.25,758,4943,2.68
2019-01-20 21:12:02.283345,8.19,14.94,-9999.0,-9999.0,-9999.0,14.5,982.44,259.7,1013.25,754,4917,2.66
2019-01-20 21:13:02.079848,8.06,14.88,-9999.0,-9999.0,-9999.0,14.46,982.3,260.91,1013.25,750,4885,2.64
2019-01-20 21:14:01.887571,8.19,14.81,-9999.0,-9999.0,-9999.0,14.39,982.59,258.44,1013.25,746,4835,2.62
2019-01-20 21:15:01.684513,8.44,14.81,-9999.0,-9999.0,-9999.0,14.3,982.59,258.44,1013.25,742,4794,2.6
2019-01-20 21:16:01.480480,8.31,14.88,-9999.0,-9999.0,-9999.0,14.29,982.53,258.94,1013.25,740,4738,2.59
2019-01-20 21:17:02.284062,8.12,14.81,-9999.0,-9999.0,-9999.0,14.37,982.54,258.92,1013.25,735,4696,2.56
2019-01-20 21:18:02.062975,8.5,14.62,-9999.0,-9999.0,-9999.0,14.3,982.48,259.36,1013.25,732,4663,2.55
2019-01-20 21:19:01.847382,8.31,14.75,-9999.0,-9999.0,-9999.0,14.2,982.46,259.59,1013.25,728,4623,2.52
2019-01-20 21:20:01.679241,8.5,14.75,-9999.0,-9999.0,-9999.0,14.08,982.39,260.14,1013.25,723,4589,2.5
2019-01-20 21:21:02.257570,8.31,14.69,-9999.0,-9999.0,-9999.0,14.23,982.36,260.39,1013.25,719,4543,2.48
2019-01-20 21:22:02.047756,8.56,14.56,-9999.0,-9999.0,-9999.0,14.21,982.34,260.6,1013.25,716,4500,2.46
2019-01-20 21:23:01.838964,8.38,14.5,-9999.0,-9999.0,-9999.0,14.16,982.32,260.74,1013.25,712,4470,2.44
2019-01-20 21:24:01.672579,8.56,14.44,-9999.0,-9999.0,-9999.0,14.11,982.29,261.03,1013.25,709,4425,2.42
2019-01-20 21:25:01.487348,8.56,14.5,-9999.0,-9999.0,-9999.0,14.03,982.25,261.32,1013.25,704,4384,2.4
2019-01-20 21:26:02.306066,8.31,14.5,-9999.0,-9999.0,-9999.0,14.08,982.27,261.22,1013.25,701,4340,2.38
2019-01-20 21:27:02.097265,8.56,14.62,-9999.0,-9999.0,-9999.0,14.12,982.28,261.13,1013.25,694,4303,2.34
2019-01-20 21:28:01.892207,8.5,14.56,-9999.0,-9999.0,-9999.0,14.19,982.29,261.03,1013.25,692,4259,2.33
2019-01-20 21:29:01.682481,8.81,14.62,-9999.0,-9999.0,-9999.0,14.18,982.3,260.93,1013.25,688,4224,2.31
2019-01-20 21:30:01.511899,8.88,14.69,-9999.0,-9999.0,-9999.0,14.05,982.22,261.7,1013.25,683,4180,2.28
2019-01-20 21:31:01.788065,8.69,14.56,-9999.0,-9999.0,-9999.0,14.19,982.22,261.63,1013.25,681,4156,2.27
2019-01-20 21:32:01.584401,8.62,14.56,-9999.0,-9999.0,-9999.0,14.16,982.17,262.06,1013.25,679,4115,2.26
2019-01-20 21:33:02.367752,8.62,14.56,-9999.0,-9999.0,-9999.0,14.15,982.11,262.51,1013.25,676,4089,2.25
2019-01-20 21:34:02.169656,8.19,14.5,-9999.0,-9999.0,-9999.0,14.24,982.12,262.49,1013.25,670,4043,2.21
2019-01-20 21:35:01.957248,8.94,14.5,-9999.0,-9999.0,-9999.0,14.21,982.05,263.02,1013.25,667,4014,2.2
2019-01-20 21:36:01.749170,8.62,14.5,-9999.0,-9999.0,-9999.0,14.14,982.11,262.51,1013.25,664,3978,2.18
2019-01-20 21:37:01.542570,8.75,14.44,-9999.0,-9999.0,-9999.0,14.11,982.2,261.75,1013.25,662,3953,2.17
2019-01-20 21:38:02.328644,8.75,14.5,-9999.0,-9999.0,-9999.0,14.06,982.2,261.78,1013.25,658,3914,2.15
2019-01-20 21:39:02.112769,8.81,14.62,-9999.0,-9999.0,-9999.0,14.11,982.14,262.27,1013.25,652,3876,2.12
2019-01-20 21:40:01.956210,8.88,14.62,-9999.0,-9999.0,-9999.0,14.05,982.14,262.08,1013.25,650,3839,2.11
2019-01-20 21:41:02.156380,8.69,14.62,-9999.0,-9999.0,-9999.0,14.19,982.13,262.41,1013.25,645,3806,2.08
2019-01-20 21:42:01.969539,8.62,14.69,-9999.0,-9999.0,-9999.0,14.17,982.1,262.67,1013.25,640,3764,2.05
2019-01-20 21:43:01.780937,8.44,14.62,-9999.0,-9999.0,-9999.0,14.16,982.09,262.74,1013.25,638,3732,2.04
2019-01-20 21:44:01.572416,8.06,14.62,-9999.0,-9999.0,-9999.0,14.2,982.15,262.19,1013.25,632,3702,2.01
2019-01-20 21:45:02.364811,8.38,14.62,-9999.0,-9999.0,-9999.0,14.12,982.16,262.09,1013.25,629,3665,1.99
2019-01-20 21:46:02.161625,8.69,14.56,-9999.0,-9999.0,-9999.0,14.05,982.11,262.54,1013.25,625,3632,1.97
2019-01-20 21:47:01.953362,8.88,14.5,-9999.0,-9999.0,-9999.0,14.03,982.05,263.08,1013.25,622,3596,1.96
2019-01-20 21:48:01.742134,8.25,14.44,-9999.0,-9999.0,-9999.0,13.99,982.07,262.85,1013.25,618,3569,1.93
2019-01-20 21:49:01.535111,8.75,14.38,-9999.0,-9999.0,-9999.0,13.91,982.03,263.27,1013.25,615,3533,1.92
2019-01-20 21:50:02.364745,8.5,14.38,-9999.0,-9999.0,-9999.0,13.81,981.98,263.82,1013.25,611,3502,1.9
2019-01-20 21:51:01.718331,8.25,14.31,-9999.0,-9999.0,-9999.0,13.78,981.88,264.51,1013.25,607,3470,1.88
2019-01-20 21:52:01.511969,8.31,14.31,-9999.0,-9999.0,-9999.0,13.75,981.96,263.87,1013.25,603,3431,1.85
2019-01-20 21:53:02.306325,8.31,14.31,-9999.0,-9999.0,-9999.0,13.73,981.9,264.38,1013.25,599,3393,1.83
2019-01-20 21:54:02.100618,8.69,14.31,-9999.0,-9999.0,-9999.0,13.64,981.93,264.1,1013.25,594,3357,1.81
2019-01-20 21:55:01.907766,8.81,14.19,-9999.0,-9999.0,-9999.0,13.58,981.81,265.09,1013.25,592,3327,1.8
2019-01-20 21:56:01.696249,8.5,14.19,-9999.0,-9999.0,-9999.0,13.49,981.83,264.93,1013.25,588,3291,1.77
2019-01-20 21:57:01.444946,8.44,14.19,-9999.0,-9999.0,-9999.0,13.55,981.82,265.0,1013.25,583,3259,1.75
2019-01-20 21:58:02.259671,8.56,14.19,-9999.0,-9999.0,-9999.0,13.52,981.82,265.0,1013.25,581,3221,1.74
2019-01-20 21:59:02.074843,8.75,14.12,-9999.0,-9999.0,-9999.0,13.49,981.82,265.03,1013.25,576,3191,1.71
2019-01-20 22:00:01.908334,8.88,14.12,-9999.0,-9999.0,-9999.0,13.43,981.79,265.08,1013.25,572,3151,1.69
2019-01-20 22:01:02.247265,8.88,14.19,-9999.0,-9999.0,-9999.0,13.51,981.72,265.89,1013.25,568,3113,1.67
2019-01-20 22:02:02.051485,8.62,14.12,-9999.0,-9999.0,-9999.0,13.61,981.76,265.57,1013.25,564,3085,1.65
2019-01-20 22:03:01.864085,8.81,14.06,-9999.0,-9999.0,-9999.0,13.56,981.68,266.25,1013.25,559,3027,1.62
2019-01-20 22:04:01.655541,9.12,14.0,-9999.0,-9999.0,-9999.0,13.51,981.7,266.03,1013.25,557,3002,1.61
2019-01-20 22:05:01.446389,8.31,14.0,-9999.0,-9999.0,-9999.0,13.46,981.65,266.45,1013.25,551,2980,1.58
2019-01-20 22:06:02.238985,8.0,13.94,-9999.0,-9999.0,-9999.0,13.42,981.61,266.85,1013.25,551,2958,1.58
2019-01-20 22:07:02.032082,8.12,13.88,-9999.0,-9999.0,-9999.0,13.32,981.61,266.79,1013.25,547,2919,1.55
2019-01-20 22:08:01.838739,8.19,13.81,-9999.0,-9999.0,-9999.0,13.14,981.61,266.86,1013.25,542,2879,1.53
2019-01-20 22:09:01.628480,8.69,13.69,-9999.0,-9999.0,-9999.0,13.08,981.57,267.14,1013.25,538,2849,1.51
2019-01-20 22:10:01.412022,9.0,13.69,-9999.0,-9999.0,-9999.0,13.03,981.6,266.9,1013.25,534,2814,1.48
2019-01-20 22:11:01.706944,8.62,13.56,-9999.0,-9999.0,-9999.0,12.98,981.51,267.7,1013.25,531,2775,1.47
2019-01-20 22:12:01.512886,8.38,13.44,-9999.0,-9999.0,-9999.0,12.97,981.55,267.33,1013.25,527,2744,1.45
2019-01-20 22:13:02.311753,8.44,13.5,-9999.0,-9999.0,-9999.0,12.89,981.48,267.93,1013.25,524,2706,1.43
2019-01-20 22:14:02.105152,8.56,13.44,-9999.0,-9999.0,-9999.0,12.85,981.49,267.81,1013.25,521,2667,1.41
2019-01-20 22:15:01.900865,8.75,13.5,-9999.0,-9999.0,-9999.0,12.87,981.47,268.05,1013.25,516,2624,1.39
2019-01-20 22:16:01.702325,8.5,13.56,-9999.0,-9999.0,-9999.0,12.9,981.47,268.01,1013.25,512,2591,1.37
2019-01-20 22:17:01.496386,8.62,13.56,-9999.0,-9999.0,-9999.0,13.01,981.36,268.97,1013.25,509,2558,1.35
2019-01-20 22:18:02.280014,8.12,13.5,-9999.0,-9999.0,-9999.0,12.98,981.43,268.39,1013.25,504,2526,1.32
2019-01-20 22:19:02.080002,8.12,13.38,-9999.0,-9999.0,-9999.0,12.89,981.38,268.76,1013.25,502,2494,1.31
2019-01-20 22:20:01.927893,8.56,13.38,-9999.0,-9999.0,-9999.0,12.58,981.34,269.13,1013.25,496,2447,1.28
2019-01-20 22:21:02.264920,8.69,13.38,-9999.0,-9999.0,-9999.0,12.74,981.32,269.26,1013.25,495,2421,1.28
2019-01-20 22:22:02.061270,8.25,13.38,-9999.0,-9999.0,-9999.0,12.79,981.35,269.08,1013.25,490,2386,1.25
2019-01-20 22:23:01.842197,8.5,13.44,-9999.0,-9999.0,-9999.0,12.82,981.26,269.78,1013.25,487,2350,1.23
2019-01-20 22:24:01.640330,8.25,13.5,-9999.0,-9999.0,-9999.0,12.91,981.28,269.6,1013.25,482,2316,1.21
2019-01-20 22:25:01.437377,8.25,13.5,-9999.0,-9999.0,-9999.0,12.9,981.21,270.21,1013.25,478,2287,1.18
2019-01-20 22:26:02.221925,8.31,13.44,-9999.0,-9999.0,-9999.0,12.92,981.23,270.05,1013.25,475,2256,1.17
2019-01-20 22:27:02.022113,8.56,13.38,-9999.0,-9999.0,-9999.0,12.83,981.23,270.04,1013.25,467,2169,1.13
2019-01-20 22:28:01.816891,8.31,13.31,-9999.0,-9999.0,-9999.0,12.74,981.2,270.3,1013.25,468,2180,1.13
2019-01-20 22:29:01.599174,8.25,13.25,-9999.0,-9999.0,-9999.0,12.67,981.16,270.7,1013.25,465,2151,1.11
2019-01-20 22:30:02.430004,8.19,13.25,-9999.0,-9999.0,-9999.0,12.63,981.13,270.89,1013.25,461,2124,1.09
2019-01-20 22:31:01.764699,8.12,13.19,-9999.0,-9999.0,-9999.0,12.56,981.16,270.66,1013.25,458,2083,1.08
2019-01-20 22:32:01.564746,8.31,13.12,-9999.0,-9999.0,-9999.0,12.47,981.22,270.13,1013.25,455,2058,1.06
2019-01-20 22:33:02.357070,8.12,13.06,-9999.0,-9999.0,-9999.0,12.39,981.15,270.77,1013.25,452,2030,1.05
2019-01-20 22:34:02.146293,8.06,13.06,-9999.0,-9999.0,-9999.0,12.4,981.17,270.54,1013.25,448,2003,1.02
2019-01-20 22:35:01.951904,8.31,13.0,-9999.0,-9999.0,-9999.0,12.35,981.22,270.13,1013.25,442,1959,0.99
2019-01-20 22:36:01.751139,8.5,12.94,-9999.0,-9999.0,-9999.0,12.26,981.21,270.2,1013.25,441,1928,0.99
2019-01-20 22:37:01.537411,8.69,12.88,-9999.0,-9999.0,-9999.0,12.2,981.2,270.3,1013.25,436,1892,0.96
2019-01-20 22:38:02.327320,8.38,12.94,-9999.0,-9999.0,-9999.0,12.22,981.12,270.99,1013.25,433,1855,0.94
2019-01-20 22:39:02.134031,8.38,12.88,-9999.0,-9999.0,-9999.0,12.28,981.18,270.53,1013.25,430,1836,0.93
2019-01-20 22:40:01.961560,8.62,12.81,-9999.0,-9999.0,-9999.0,12.04,981.2,270.34,1013.25,427,1805,0.91
2019-01-20 22:41:02.395449,8.56,12.81,-9999.0,-9999.0,-9999.0,12.18,981.14,270.86,1013.25,422,1738,0.88
2019-01-20 22:42:02.212863,8.31,12.88,-9999.0,-9999.0,-9999.0,12.2,981.15,270.78,1013.25,418,1712,0.86
2019-01-20 22:43:02.006325,8.44,12.94,-9999.0,-9999.0,-9999.0,12.27,981.04,271.71,1013.25,414,1694,0.84
2019-01-20 22:44:01.812158,8.25,12.94,-9999.0,-9999.0,-9999.0,12.36,981.05,271.59,1013.25,412,1668,0.83
2019-01-20 22:45:01.611340,8.19,12.94,-9999.0,-9999.0,-9999.0,12.4,981.04,271.71,1013.25,408,1633,0.81
2019-01-20 22:46:02.396165,8.06,12.94,-9999.0,-9999.0,-9999.0,12.39,981.02,271.82,1013.25,403,1591,0.78
2019-01-20 22:47:02.184155,7.88,12.88,-9999.0,-9999.0,-9999.0,12.28,981.01,271.95,1013.25,403,1583,0.78
2019-01-20 22:48:01.978132,7.94,12.81,-9999.0,-9999.0,-9999.0,12.16,981.0,271.99,1013.25,397,1519,0.75
2019-01-20 22:49:01.768955,7.94,12.69,-9999.0,-9999.0,-9999.0,12.03,980.96,272.41,1013.25,395,1515,0.74
2019-01-20 22:50:01.609534,8.0,12.62,-9999.0,-9999.0,-9999.0,11.92,980.9,272.67,1013.25,393,1504,0.73
2019-01-20 22:51:02.027409,7.81,12.5,-9999.0,-9999.0,-9999.0,11.83,980.92,272.69,1013.25,386,1437,0.69
2019-01-20 22:52:01.852551,8.06,12.5,-9999.0,-9999.0,-9999.0,11.79,980.85,273.28,1013.25,383,1373,0.68
2019-01-20 22:53:01.661532,7.88,12.38,-9999.0,-9999.0,-9999.0,11.69,980.83,273.46,1013.25,373,1288,0.62
2019-01-20 22:54:01.452877,7.81,12.38,-9999.0,-9999.0,-9999.0,11.64,980.82,273.58,1013.25,368,1240,0.6
2019-01-20 22:55:02.259039,7.75,12.31,-9999.0,-9999.0,-9999.0,11.56,980.8,273.77,1013.25,359,1136,0.55
2019-01-20 22:56:02.045641,7.25,12.19,-9999.0,-9999.0,-9999.0,11.52,980.76,274.04,1013.25,352,1040,0.51
2019-01-20 22:57:01.840536,7.19,12.12,-9999.0,-9999.0,-9999.0,11.42,980.81,273.69,1013.25,341,925,0.45
2019-01-20 22:58:01.631921,7.19,11.94,-9999.0,-9999.0,-9999.0,11.25,980.8,273.75,1013.25,336,864,0.42
2019-01-20 22:59:01.436788,7.12,11.81,-9999.0,-9999.0,-9999.0,11.14,980.85,273.32,1013.25,331,803,0.4
2019-01-20 23:00:02.262715,6.88,11.75,-9999.0,-9999.0,-9999.0,11.06,980.75,274.2,1013.25,327,733,0.38
2019-01-20 23:01:01.624200,6.81,11.62,-9999.0,-9999.0,-9999.0,10.9,980.77,273.98,1013.25,322,722,0.35
2019-01-20 23:02:01.426483,6.69,11.5,-9999.0,-9999.0,-9999.0,10.81,980.86,273.22,1013.25,319,661,0.33
2019-01-20 23:03:02.217535,6.62,11.38,-9999.0,-9999.0,-9999.0,10.62,980.82,273.54,1013.25,318,676,0.33
2019-01-20 23:04:02.016806,6.5,11.19,-9999.0,-9999.0,-9999.0,10.5,980.88,273.04,1013.25,315,641,0.31
2019-01-20 23:05:01.814761,6.44,11.06,-9999.0,-9999.0,-9999.0,10.34,980.9,272.85,1013.25,311,604,0.29
2019-01-20 23:06:01.604350,6.38,10.94,-9999.0,-9999.0,-9999.0,10.16,980.91,272.79,1013.25,309,571,0.28
2019-01-20 23:07:02.402619,6.19,10.69,-9999.0,-9999.0,-9999.0,9.98,980.9,272.89,1013.25,305,518,0.26
2019-01-20 23:08:02.185787,6.0,10.5,-9999.0,-9999.0,-9999.0,9.83,980.91,272.79,1013.25,302,498,0.24
2019-01-20 23:09:01.970679,6.06,10.31,-9999.0,-9999.0,-9999.0,9.63,980.96,272.4,1013.25,299,488,0.23
2019-01-20 23:10:01.795599,6.06,10.12,-9999.0,-9999.0,-9999.0,9.08,980.96,272.4,1013.25,298,478,0.22
2019-01-20 23:11:02.166538,6.06,9.81,-9999.0,-9999.0,-9999.0,9.23,981.02,271.89,1013.25,296,463,0.21
2019-01-20 23:12:01.961684,6.06,9.69,-9999.0,-9999.0,-9999.0,9.01,980.98,272.17,1013.25,294,448,0.2
2019-01-20 23:13:01.742492,5.88,9.5,-9999.0,-9999.0,-9999.0,8.78,981.02,271.86,1013.25,293,437,0.19
2019-01-20 23:14:01.540050,5.81,9.31,-9999.0,-9999.0,-9999.0,8.61,981.04,271.7,1013.25,292,426,0.19
2019-01-20 23:15:02.324341,5.88,9.19,-9999.0,-9999.0,-9999.0,8.43,981.12,271.05,1013.25,290,421,0.18
2019-01-20 23:16:02.110118,5.81,9.0,-9999.0,-9999.0,-9999.0,8.32,981.09,271.23,1013.25,289,414,0.17
2019-01-20 23:17:01.922087,5.69,8.88,-9999.0,-9999.0,-9999.0,8.16,981.06,271.5,1013.25,289,408,0.17
2019-01-20 23:18:01.702990,5.69,8.81,-9999.0,-9999.0,-9999.0,8.03,981.04,271.69,1013.25,288,402,0.17
2019-01-20 23:19:01.488960,5.62,8.62,-9999.0,-9999.0,-9999.0,7.9,981.04,271.71,1013.25,287,397,0.16
2019-01-20 23:20:02.315511,5.75,8.5,-9999.0,-9999.0,-9999.0,7.5,980.96,272.06,1013.25,288,393,0.17
2019-01-20 23:21:01.969873,5.62,8.31,-9999.0,-9999.0,-9999.0,7.66,981.01,271.97,1013.25,285,387,0.15
2019-01-20 23:22:01.760958,5.56,8.25,-9999.0,-9999.0,-9999.0,7.54,981.03,271.78,1013.25,283,384,0.14
2019-01-20 23:23:01.550234,5.5,8.06,-9999.0,-9999.0,-9999.0,7.42,981.01,271.95,1013.25,283,381,0.14
2019-01-20 23:24:02.345293,5.44,7.94,-9999.0,-9999.0,-9999.0,7.3,980.97,272.3,1013.25,282,375,0.13
2019-01-20 23:25:02.139832,5.44,7.81,-9999.0,-9999.0,-9999.0,7.19,980.96,272.39,1013.25,282,370,0.13
2019-01-20 23:26:01.944818,5.44,7.69,-9999.0,-9999.0,-9999.0,7.09,980.91,272.81,1013.25,280,365,0.12
2019-01-20 23:27:01.749212,5.25,7.56,-9999.0,-9999.0,-9999.0,7.0,980.95,272.46,1013.25,279,362,0.12
2019-01-20 23:28:01.544857,5.31,7.5,-9999.0,-9999.0,-9999.0,6.9,980.93,272.59,1013.25,278,359,0.11
2019-01-20 23:29:02.332578,5.5,7.38,-9999.0,-9999.0,-9999.0,6.8,980.87,273.12,1013.25,277,353,0.11
2019-01-20 23:30:02.178449,5.38,7.25,-9999.0,-9999.0,-9999.0,6.44,980.93,272.7,1013.25,278,348,0.11
2019-01-20 23:31:01.529701,5.25,7.12,-9999.0,-9999.0,-9999.0,6.59,980.85,273.33,1013.25,276,345,0.1
2019-01-20 23:32:02.312094,5.25,7.06,-9999.0,-9999.0,-9999.0,6.5,980.83,273.48,1013.25,276,340,0.1
2019-01-20 23:33:02.104396,5.38,6.94,-9999.0,-9999.0,-9999.0,6.42,980.75,274.17,1013.25,275,336,0.1
2019-01-20 23:34:01.891111,5.44,6.88,-9999.0,-9999.0,-9999.0,6.36,980.75,274.18,1013.25,273,330,0.09
2019-01-20 23:35:01.681039,5.31,6.75,-9999.0,-9999.0,-9999.0,6.3,980.74,274.24,1013.25,273,326,0.09
2019-01-20 23:36:01.476483,5.38,6.69,-9999.0,-9999.0,-9999.0,6.22,980.69,274.66,1013.25,271,324,0.08
2019-01-20 23:37:02.266830,5.25,6.62,-9999.0,-9999.0,-9999.0,6.16,980.74,274.28,1013.25,272,319,0.08
2019-01-20 23:38:02.065646,5.19,6.5,-9999.0,-9999.0,-9999.0,6.1,980.72,274.46,1013.25,270,320,0.07
2019-01-20 23:39:01.855911,5.19,6.44,-9999.0,-9999.0,-9999.0,5.85,980.72,274.15,1013.25,270,323,0.07
2019-01-20 23:40:01.767438,5.19,6.44,-9999.0,-9999.0,-9999.0,5.99,980.72,274.0,1013.25,271,312,0.08
2019-01-20 23:41:02.247383,5.19,6.31,-9999.0,-9999.0,-9999.0,5.95,980.73,274.34,1013.25,270,304,0.07
2019-01-20 23:42:02.036078,5.19,6.31,-9999.0,-9999.0,-9999.0,5.91,980.76,274.06,1013.25,268,299,0.06
2019-01-20 23:43:01.827932,5.25,6.19,-9999.0,-9999.0,-9999.0,5.88,980.75,274.16,1013.25,267,297,0.05
2019-01-20 23:44:01.624887,5.19,6.19,-9999.0,-9999.0,-9999.0,5.82,980.71,274.5,1013.25,267,292,0.05
2019-01-20 23:45:01.427675,5.19,6.06,-9999.0,-9999.0,-9999.0,5.79,980.72,274.46,1013.25,267,289,0.05
2019-01-20 23:46:02.216477,5.19,6.0,-9999.0,-9999.0,-9999.0,5.76,980.7,274.59,1013.25,264,286,0.04
2019-01-20 23:47:02.008750,5.12,6.0,-9999.0,-9999.0,-9999.0,5.71,980.71,274.48,1013.25,265,283,0.04
2019-01-20 23:48:01.797585,5.06,5.94,-9999.0,-9999.0,-9999.0,5.68,980.68,274.78,1013.25,265,280,0.04
2019-01-20 23:49:01.600310,5.0,5.94,-9999.0,-9999.0,-9999.0,5.64,980.69,274.71,1013.25,264,277,0.04
2019-01-20 23:50:02.456274,4.81,5.88,-9999.0,-9999.0,-9999.0,5.61,980.62,275.3,1013.25,264,276,0.04
2019-01-20 23:51:01.887002,5.0,5.88,-9999.0,-9999.0,-9999.0,5.56,980.61,275.37,1013.25,262,273,0.03
2019-01-20 23:52:01.673184,4.94,5.81,-9999.0,-9999.0,-9999.0,5.53,980.63,275.16,1013.25,263,271,0.03
2019-01-20 23:53:01.463234,4.94,5.81,-9999.0,-9999.0,-9999.0,5.5,980.62,275.26,1013.25,263,270,0.03
2019-01-20 23:54:02.253882,4.94,5.75,-9999.0,-9999.0,-9999.0,5.46,980.6,275.41,1013.25,263,266,0.03
2019-01-20 23:55:02.047551,4.88,5.69,-9999.0,-9999.0,-9999.0,5.43,980.64,275.1,1013.25,261,264,0.02
2019-01-20 23:56:01.841774,4.81,5.69,-9999.0,-9999.0,-9999.0,5.4,980.76,274.08,1013.25,261,264,0.02
2019-01-20 23:57:01.636719,4.94,5.62,-9999.0,-9999.0,-9999.0,5.37,980.64,275.14,1013.25,262,261,0.03
2019-01-20 23:58:01.425785,4.75,5.56,-9999.0,-9999.0,-9999.0,5.33,980.72,274.44,1013.25,261,260,0.02
2019-01-20 23:59:02.230360,4.69,5.56,-9999.0,-9999.0,-9999.0,5.31,980.69,274.69,1013.25,260,258,0.02
